-- phpMyAdmin SQL Dump
-- version 2.11.8.1deb5
-- http://www.phpmyadmin.net
--
-- Host: localhost
-- Generation Time: Jan 14, 2010 at 08:35 PM
-- Server version: 5.0.51
-- PHP Version: 5.2.6-1+lenny3

SET SQL_MODE="NO_AUTO_VALUE_ON_ZERO";


/*!40101 SET @OLD_CHARACTER_SET_CLIENT=@@CHARACTER_SET_CLIENT */;
/*!40101 SET @OLD_CHARACTER_SET_RESULTS=@@CHARACTER_SET_RESULTS */;
/*!40101 SET @OLD_COLLATION_CONNECTION=@@COLLATION_CONNECTION */;
/*!40101 SET NAMES utf8 */;

--
-- Database: `UMD`
--

-- --------------------------------------------------------

--
-- Table structure for table `channel_def`
--

CREATE TABLE IF NOT EXISTS `channel_def` (
  `sat` varchar(20) NOT NULL,
  `channel` varchar(60) NOT NULL,
  `frequency` varchar(20) NOT NULL,
  `pol` varchar(3) NOT NULL,
  `symbolrate` varchar(30) NOT NULL,
  `fec` varchar(10) NOT NULL,
  `rolloff` varchar(10) NOT NULL,
  `modulationtype` varchar(16) NOT NULL,
  `sd_hd` varchar(20) NOT NULL
) ENGINE=MyISAM DEFAULT CHARSET=latin1;

--
-- Dumping data for table `channel_def`
--

INSERT INTO `channel_def` (`sat`, `channel`, `frequency`, `pol`, `symbolrate`, `fec`, `rolloff`, `modulationtype`, `sd_hd`) VALUES
('W3A', '1A18 (A0) 22_SD', '10964.5', 'X', '13333.1', '7/8', '0.35', 'DVB-S', 'SD'),
('W3A', '1D18 (B0) 22_SD', '10982.5', 'X', '13333.1', '7/8', '0.35', 'DVB-S', 'SD'),
('W3A', '1G18 (C0) 22_SD', '11000.5', 'X', '13333.1', '7/8', '0.35', 'DVB-S', 'SD'),
('W3A', '1L18 (D0) 22_SD', '11018.5', 'X', '13333.1', '7/8', '0.35', 'DVB-S', 'SD'),
('W3A', '1A9  (A1) 11_SD', '10960.0', 'X', '6666.5', '7/8', '0.35', 'DVB-S', 'SD'),
('W3A', '1B9  (A2) 11_SD', '10969.0', 'X', '6666.5', '7/8', '0.35', 'DVB-S', 'SD'),
('W3A', '1D9  (B1) 11_SD', '10978.0', 'X', '6666.5', '7/8', '0.35', 'DVB-S', 'SD'),
('W3A', '1E9  (B2) 11_SD', '10987.0', 'X', '6666.5', '7/8', '0.35', 'DVB-S', 'SD'),
('W3A', '1G9  (C1) 11_SD', '10996.0', 'X', '6666.5', '7/8', '0.35', 'DVB-S', 'SD'),
('W3A', '1H9  (C2) 11_SD', '11005.0', 'X', '6666.5', '7/8', '0.35', 'DVB-S', 'SD'),
('W3A', '1L9  (D1) 11_SD', '11014.0', 'X', '6666.5', '7/8', '0.35', 'DVB-S', 'SD'),
('W3A', '1M9  (D2) 11_SD', '11023.0', 'X', '6666.5', '7/8', '0.35', 'DVB-S', 'SD'),
('W3A', '1A9  (A1) 8+_SD', '10960.0', 'X', '6111.3', '3/4', '0.35', 'DVB-S', 'SD'),
('W3A', '1B9  (A2) 8+_SD', '10969.0', 'X', '6111.3', '3/4', '0.35', 'DVB-S', 'SD'),
('W3A', '1D9  (B1) 8+_SD', '10978.0', 'X', '6111.3', '3/4', '0.35', 'DVB-S', 'SD'),
('W3A', '1E9  (B2) 8+_SD', '10987.0', 'X', '6111.3', '3/4', '0.35', 'DVB-S', 'SD'),
('W3A', '1G9  (C1) 8+_SD', '10996.0', 'X', '6111.3', '3/4', '0.35', 'DVB-S', 'SD'),
('W3A', '1H9  (C2) 8+_SD', '11005.0', 'X', '6111.3', '3/4', '0.35', 'DVB-S', 'SD'),
('W3A', '1L9  (D1) 8+_SD', '11014.0', 'X', '6111.3', '3/4', '0.35', 'DVB-S', 'SD'),
('W3A', '1M9  (D2) 8+_SD', '11023.0', 'X', '6111.3', '3/4', '0.35', 'DVB-S', 'SD'),
('W3A', '1A6  7_SD', '10958.5', 'X', '4434', '7/8', '0.35', 'DVB-S', 'SD'),
('W3A', '1B6  7_SD', '10964.5', 'X', '4434', '7/8', '0.35', 'DVB-S', 'SD'),
('W3A', '1C6  7_SD', '10970.5', 'X', '4434', '7/8', '0.35', 'DVB-S', 'SD'),
('W3A', '1D6  7_SD', '10976.5', 'X', '4434', '7/8', '0.35', 'DVB-S', 'SD'),
('W3A', '1E6  7_SD', '10982.5', 'X', '4434', '7/8', '0.35', 'DVB-S', 'SD'),
('W3A', '1F6  7_SD', '10988.5', 'X', '4434', '7/8', '0.35', 'DVB-S', 'SD'),
('W3A', '1G6  7_SD', '10994.5', 'X', '4434', '7/8', '0.35', 'DVB-S', 'SD'),
('W3A', '1H6  7_SD', '11000.5', 'X', '4434', '7/8', '0.35', 'DVB-S', 'SD'),
('W3A', '1K6  7_SD', '11006.5', 'X', '4434', '7/8', '0.35', 'DVB-S', 'SD'),
('W3A', '1L6  7_SD', '11012.5', 'X', '4434', '7/8', '0.35', 'DVB-S', 'SD'),
('W3A', '1M6  7_SD', '11018.5', 'X', '4434', '7/8', '0.35', 'DVB-S', 'SD'),
('W3A', '1N6  7_SD', '11024.5', 'X', '4434', '7/8', '0.35', 'DVB-S', 'SD'),
('W3A', '2A18 (E0) 22_SD', '10964.5', 'Y', '13333.1', '7/8', '0.35', 'DVB-S', 'SD'),
('W3A', '2D18 (F0) 22_SD', '10982.5', 'Y', '13333.1', '7/8', '0.35', 'DVB-S', 'SD'),
('W3A', '2G18 (G0) 22_SD', '11000.5', 'Y', '13333.1', '7/8', '0.35', 'DVB-S', 'SD'),
('W3A', '2L18 22_SD', '11018.5', 'Y', '13333.1', '7/8', '0.35', 'DVB-S', 'SD'),
('W3A', '2A9  (E1) 11_SD', '10960.0', 'Y', '6666.5', '7/8', '0.35', 'DVB-S', 'SD'),
('W3A', '2B9  (E2) 11_SD', '10969.0', 'Y', '6666.5', '7/8', '0.35', 'DVB-S', 'SD'),
('W3A', '2D9  (F1) 11_SD', '10978.0', 'Y', '6666.5', '7/8', '0.35', 'DVB-S', 'SD'),
('W3A', '2E9  (F2) 11_SD', '10987.0', 'Y', '6666.5', '7/8', '0.35', 'DVB-S', 'SD'),
('W3A', '2G9  (G1) 11_SD', '10996.0', 'Y', '6666.5', '7/8', '0.35', 'DVB-S', 'SD'),
('W3A', '2H9  (G2) 11_SD', '11005.0', 'Y', '6666.5', '7/8', '0.35', 'DVB-S', 'SD'),
('W3A', '2L9  (H1) 11_SD', '11014.0', 'Y', '6666.5', '7/8', '0.35', 'DVB-S', 'SD'),
('W3A', '2M9 11_SD', '11023.0', 'Y', '6666.5', '7/8', '0.35', 'DVB-S', 'SD'),
('W3A', '2A9  (E1) 8+_SD', '10960.0', 'Y', '6111.3', '3/4', '0.35', 'DVB-S', 'SD'),
('W3A', '2B9  (E2) 8+_SD', '10969.0', 'Y', '6111.3', '3/4', '0.35', 'DVB-S', 'SD'),
('W3A', '2D9  (F1) 8+_SD', '10978.0', 'Y', '6111.3', '3/4', '0.35', 'DVB-S', 'SD'),
('W3A', '2E9  (F2) 8+_SD', '10987.0', 'Y', '6111.3', '3/4', '0.35', 'DVB-S', 'SD'),
('W3A', '2G9  (G1) 8+_SD', '10996.0', 'Y', '6111.3', '3/4', '0.35', 'DVB-S', 'SD'),
('W3A', '2H9  (G2) 8+_SD', '11005.0', 'Y', '6111.3', '3/4', '0.35', 'DVB-S', 'SD'),
('W3A', '2L9  (H1) 8+_SD', '11014.0', 'Y', '6111.3', '3/4', '0.35', 'DVB-S', 'SD'),
('W3A', '2M9 8+_SD', '11023.0', 'Y', '6111.3', '3/4', '0.35', 'DVB-S', 'SD'),
('W3A', '2A6  7_SD', '10958.5', 'Y', '4434', '7/8', '0.35', 'DVB-S', 'SD'),
('W3A', '2B6  7_SD', '10964.5', 'Y', '4434', '7/8', '0.35', 'DVB-S', 'SD'),
('W3A', '2C6  7_SD', '10970.5', 'Y', '4434', '7/8', '0.35', 'DVB-S', 'SD'),
('W3A', '2D6  7_SD', '10976.5', 'Y', '4434', '7/8', '0.35', 'DVB-S', 'SD'),
('W3A', '2E6  7_SD', '10982.5', 'Y', '4434', '7/8', '0.35', 'DVB-S', 'SD'),
('W3A', '2F6  7_SD', '10988.5', 'Y', '4434', '7/8', '0.35', 'DVB-S', 'SD'),
('W3A', '2G6  7_SD', '10994.5', 'Y', '4434', '7/8', '0.35', 'DVB-S', 'SD'),
('W3A', '2H6  7_SD', '11000.5', 'Y', '4434', '7/8', '0.35', 'DVB-S', 'SD'),
('W3A', '2K6  7_SD', '11006.5', 'Y', '4434', '7/8', '0.35', 'DVB-S', 'SD'),
('W3A', '2L6  7_SD', '11012.5', 'Y', '4434', '7/8', '0.35', 'DVB-S', 'SD'),
('W3A', '2M6  7_SD', '11018.5', 'Y', '4434', '7/8', '0.35', 'DVB-S', 'SD'),
('W3A', '2N6  7_SD', '11024.5', 'Y', '4434', '7/8', '0.35', 'DVB-S', 'SD'),
('W3A', '3A18  22_SD', '11048', 'X', '13333.1', '7/8', '0.35', 'DVB-S', 'SD'),
('W3A', '3D18 (K0) 22_SD', '11066', 'X', '13333.1', '7/8', '0.35', 'DVB-S', 'SD'),
('W3A', '3G18 (L0) 22_SD', '11084', 'X', '13333.1', '7/8', '0.35', 'DVB-S', 'SD'),
('W3A', '3L18 (M0) 22_SD', '11102', 'X', '13333.1', '7/8', '0.35', 'DVB-S', 'SD'),
('W3A', '3A9 (J1) 11_SD', '11043.5', 'X', '6666.5', '7/8', '0.35', 'DVB-S', 'SD'),
('W3A', '3B9 (J2) 11_SD', '11052.5', 'X', '6666.5', '7/8', '0.35', 'DVB-S', 'SD'),
('W3A', '3D9 (K1) 11_SD', '11061.5', 'X', '6666.5', '7/8', '0.35', 'DVB-S', 'SD'),
('W3A', '3E9 (K2) 11_SD', '11070.5', 'X', '6666.5', '7/8', '0.35', 'DVB-S', 'SD'),
('W3A', '3G9 (L1) 11_SD', '11079.5', 'X', '6666.5', '7/8', '0.35', 'DVB-S', 'SD'),
('W3A', '3H9 (L2) 11_SD', '11088.5', 'X', '6666.5', '7/8', '0.35', 'DVB-S', 'SD'),
('W3A', '3L9 (M1) 11_SD', '11097.5', 'X', '6666.5', '7/8', '0.35', 'DVB-S', 'SD'),
('W3A', '3M9 (M2) 11_SD', '11106.5', 'X', '6666.5', '7/8', '0.35', 'DVB-S', 'SD'),
('W3A', '3A9 (J1) 8+_SD', '11043.5', 'X', '6111.3', '3/4', '0.35', 'DVB-S', 'SD'),
('W3A', '3B9 (J2) 8+_SD', '11052.5', 'X', '6111.3', '3/4', '0.35', 'DVB-S', 'SD'),
('W3A', '3D9 (K1) 8+_SD', '11061.5', 'X', '6111.3', '3/4', '0.35', 'DVB-S', 'SD'),
('W3A', '3E9 (K2) 8+_SD', '11070.5', 'X', '6111.3', '3/4', '0.35', 'DVB-S', 'SD'),
('W3A', '3G9 (L1) 8+_SD', '11079.5', 'X', '6111.3', '3/4', '0.35', 'DVB-S', 'SD'),
('W3A', '3H9 (L2) 8+_SD', '11088.5', 'X', '6111.3', '3/4', '0.35', 'DVB-S', 'SD'),
('W3A', '3L9 (M1) 8+_SD', '11097.5', 'X', '6111.3', '3/4', '0.35', 'DVB-S', 'SD'),
('W3A', '3M9 (M2) 8+_SD', '11106.5', 'X', '6111.3', '3/4', '0.35', 'DVB-S', 'SD'),
('W3A', '3A6  7_SD', '11042', 'X', '4434', '7/8', '0.35', 'DVB-S', 'SD'),
('W3A', '3B6  7_SD', '11048', 'X', '4434', '7/8', '0.35', 'DVB-S', 'SD'),
('W3A', '3C6  7_SD', '11054', 'X', '4434', '7/8', '0.35', 'DVB-S', 'SD'),
('W3A', '3D6  7_SD', '11060', 'X', '4434', '7/8', '0.35', 'DVB-S', 'SD'),
('W3A', '3E6  7_SD', '11066', 'X', '4434', '7/8', '0.35', 'DVB-S', 'SD'),
('W3A', '3F6  7_SD', '11072', 'X', '4434', '7/8', '0.35', 'DVB-S', 'SD'),
('W3A', '3G6  7_SD', '11078', 'X', '4434', '7/8', '0.35', 'DVB-S', 'SD'),
('W3A', '3H6  7_SD', '11084', 'X', '4434', '7/8', '0.35', 'DVB-S', 'SD'),
('W3A', '3K6  7_SD', '11090', 'X', '4434', '7/8', '0.35', 'DVB-S', 'SD'),
('W3A', '3L6  7_SD', '11096', 'X', '4434', '7/8', '0.35', 'DVB-S', 'SD'),
('W3A', '3M6  7_SD', '11102', 'X', '4434', '7/8', '0.35', 'DVB-S', 'SD'),
('W3A', '3N6  7_SD', '11108', 'X', '4434', '7/8', '0.35', 'DVB-S', 'SD'),
('W3A', '4A18  22_SD', '11048', 'Y', '13333.1', '7/8', '0.35', 'DVB-S', 'SD'),
('W3A', '4D18 (P0) 22_SD', '11066', 'Y', '13333.1', '7/8', '0.35', 'DVB-S', 'SD'),
('W3A', '4G18 (Q0) 22_SD', '11084', 'Y', '13333.1', '7/8', '0.35', 'DVB-S', 'SD'),
('W3A', '4L18 (R0) 22_SD', '11102', 'Y', '13333.1', '7/8', '0.35', 'DVB-S', 'SD'),
('W3A', '4A9 (N1) 11_SD', '11043.5', 'Y', '6666.5', '7/8', '0.35', 'DVB-S', 'SD'),
('W3A', '4B9 (N2) 11_SD', '11052.5', 'Y', '6666.5', '7/8', '0.35', 'DVB-S', 'SD'),
('W3A', '4D9 (P1) 11_SD', '11061.5', 'Y', '6666.5', '7/8', '0.35', 'DVB-S', 'SD'),
('W3A', '4E9 (P2) 11_SD', '11070.5', 'Y', '6666.5', '7/8', '0.35', 'DVB-S', 'SD'),
('W3A', '4G9 (Q1) 11_SD', '11079.5', 'Y', '6666.5', '7/8', '0.35', 'DVB-S', 'SD'),
('W3A', '4H9 (Q2) 11_SD', '11088.5', 'Y', '6666.5', '7/8', '0.35', 'DVB-S', 'SD'),
('W3A', '4L9 (R1) 11_SD', '11097.5', 'Y', '6666.5', '7/8', '0.35', 'DVB-S', 'SD'),
('W3A', '4M9 (R2) 11_SD', '11106.5', 'Y', '6666.5', '7/8', '0.35', 'DVB-S', 'SD'),
('W3A', '4A9 (N1) 8+_SD', '11043.5', 'Y', '6111.3', '3/4', '0.35', 'DVB-S', 'SD'),
('W3A', '4B9 (N2) 8+_SD', '11052.5', 'Y', '6111.3', '3/4', '0.35', 'DVB-S', 'SD'),
('W3A', '4D9 (P1) 8+_SD', '11061.5', 'Y', '6111.3', '3/4', '0.35', 'DVB-S', 'SD'),
('W3A', '4E9 (P2) 8+_SD', '11070.5', 'Y', '6111.3', '3/4', '0.35', 'DVB-S', 'SD'),
('W3A', '4G9 (Q1) 8+_SD', '11079.5', 'Y', '6111.3', '3/4', '0.35', 'DVB-S', 'SD'),
('W3A', '4H9 (Q2) 8+_SD', '11088.5', 'Y', '6111.3', '3/4', '0.35', 'DVB-S', 'SD'),
('W3A', '4L9 (R1) 8+_SD', '11097.5', 'Y', '6111.3', '3/4', '0.35', 'DVB-S', 'SD'),
('W3A', '4M9 (R2) 8+_SD', '11106.5', 'Y', '6111.3', '3/4', '0.35', 'DVB-S', 'SD'),
('W3A', '4A6  7_SD', '11042', 'Y', '4434', '7/8', '0.35', 'DVB-S', 'SD'),
('W3A', '4B6  7_SD', '11048', 'Y', '4434', '7/8', '0.35', 'DVB-S', 'SD'),
('W3A', '4C6  7_SD', '11054', 'Y', '4434', '7/8', '0.35', 'DVB-S', 'SD'),
('W3A', '4D6  7_SD', '11060', 'Y', '4434', '7/8', '0.35', 'DVB-S', 'SD'),
('W3A', '4E6  7_SD', '11066', 'Y', '4434', '7/8', '0.35', 'DVB-S', 'SD'),
('W3A', '4F6  7_SD', '11072', 'Y', '4434', '7/8', '0.35', 'DVB-S', 'SD'),
('W3A', '4G6  7_SD', '11078', 'Y', '4434', '7/8', '0.35', 'DVB-S', 'SD'),
('W3A', '4H6  7_SD', '11084', 'Y', '4434', '7/8', '0.35', 'DVB-S', 'SD'),
('W3A', '4K6  7_SD', '11090', 'Y', '4434', '7/8', '0.35', 'DVB-S', 'SD'),
('W3A', '4L6  7_SD', '11096', 'Y', '4434', '7/8', '0.35', 'DVB-S', 'SD'),
('W3A', '4M6  7_SD', '11102', 'Y', '4434', '7/8', '0.35', 'DVB-S', 'SD'),
('W3A', '4N6  7_SD', '11108', 'Y', '4434', '7/8', '0.35', 'DVB-S', 'SD'),
('W3A', '10A18 (S0) 22_SD', '11398.5', 'Y', '13333.1', '7/8', '0.35', 'DVB-S', 'SD'),
('W3A', '10D18 (T0) 22_SD', '11416.5', 'Y', '13333.1', '7/8', '0.35', 'DVB-S', 'SD'),
('W3A', '10A9 (S1) 11_SD', '11394', 'Y', '6666.5', '7/8', '0.35', 'DVB-S', 'SD'),
('W3A', '10B9 (S2) 11_SD', '11403', 'Y', '6666.5', '7/8', '0.35', 'DVB-S', 'SD'),
('W3A', '10D9 (T1) 11_SD', '11412', 'Y', '6666.5', '7/8', '0.35', 'DVB-S', 'SD'),
('W3A', '10E9 (T2) 11_SD', '11421', 'Y', '6666.5', '7/8', '0.35', 'DVB-S', 'SD'),
('W3A', '10A9 (S1) 8+_SD', '11394', 'Y', '6111.3', '3/4', '0.35', 'DVB-S', 'SD'),
('W3A', '10B9 (S2) 8+_SD', '11403', 'Y', '6111.3', '3/4', '0.35', 'DVB-S', 'SD'),
('W3A', '10D9 (T1) 8+_SD', '11412', 'Y', '6111.3', '3/4', '0.35', 'DVB-S', 'SD'),
('W3A', '10E9 (T2) 8+_SD', '11421', 'Y', '6111.3', '3/4', '0.35', 'DVB-S', 'SD'),
('W3A', '10A6  7_SD', '11392.5', 'Y', '4434', '7/8', '0.35', 'DVB-S', 'SD'),
('W3A', '10B6  7_SD', '11398.5', 'Y', '4434', '7/8', '0.35', 'DVB-S', 'SD'),
('W3A', '10C6  7_SD', '11404.5', 'Y', '4434', '7/8', '0.35', 'DVB-S', 'SD'),
('W3A', '10D6  7_SD', '11410.5', 'Y', '4434', '7/8', '0.35', 'DVB-S', 'SD'),
('W3A', '10E6  7_SD', '11416.5', 'Y', '4434', '7/8', '0.35', 'DVB-S', 'SD'),
('W3A', '10F6  7_SD', '11422.5', 'Y', '4434', '7/8', '0.35', 'DVB-S', 'SD'),
('W2A', '1A18 (A0) 22_SD', '10964.67', 'X', '13333.1', '7/8', '0.35', 'DVB-S', 'SD'),
('W2A', '1D18 (B0) 22_SD', '10982.67', 'X', '13333.1', '7/8', '0.35', 'DVB-S', 'SD'),
('W2A', '1G18 (C0) 22_SD', '11000.67', 'X', '13333.1', '7/8', '0.35', 'DVB-S', 'SD'),
('W2A', '1L18 (D0) 22_SD', '11018.67', 'X', '13333.1', '7/8', '0.35', 'DVB-S', 'SD'),
('W2A', '1A9  (A1) 11_SD', '10960.17', 'X', '6666.5', '7/8', '0.35', 'DVB-S', 'SD'),
('W2A', '1B9  (A2) 11_SD', '10969.17', 'X', '6666.5', '7/8', '0.35', 'DVB-S', 'SD'),
('W2A', '1D9  (B1) 11_SD', '10978.17', 'X', '6666.5', '7/8', '0.35', 'DVB-S', 'SD'),
('W2A', '1E9  (B2) 11_SD', '10987.17', 'X', '6666.5', '7/8', '0.35', 'DVB-S', 'SD'),
('W2A', '1G9  (C1) 11_SD', '10996.17', 'X', '6666.5', '7/8', '0.35', 'DVB-S', 'SD'),
('W2A', '1H9  (C2) 11_SD', '11005.17', 'X', '6666.5', '7/8', '0.35', 'DVB-S', 'SD'),
('W2A', '1L9  (D1) 11_SD', '11014.17', 'X', '6666.5', '7/8', '0.35', 'DVB-S', 'SD'),
('W2A', '1M9  (D2) 11_SD', '11023.17', 'X', '6666.5', '7/8', '0.35', 'DVB-S', 'SD'),
('W2A', '1A9  (A1) 8+_SD', '10960.17', 'X', '6111.3', '3/4', '0.35', 'DVB-S', 'SD'),
('W2A', '1B9  (A2) 8+_SD', '10969.17', 'X', '6111.3', '3/4', '0.35', 'DVB-S', 'SD'),
('W2A', '1D9  (B1) 8+_SD', '10978.17', 'X', '6111.3', '3/4', '0.35', 'DVB-S', 'SD'),
('W2A', '1E9  (B2) 8+_SD', '10987.17', 'X', '6111.3', '3/4', '0.35', 'DVB-S', 'SD'),
('W2A', '1G9  (C1) 8+_SD', '10996.17', 'X', '6111.3', '3/4', '0.35', 'DVB-S', 'SD'),
('W2A', '1H9  (C2) 8+_SD', '11005.17', 'X', '6111.3', '3/4', '0.35', 'DVB-S', 'SD'),
('W2A', '1L9  (D1) 8+_SD', '11014.17', 'X', '6111.3', '3/4', '0.35', 'DVB-S', 'SD'),
('W2A', '1M9  (D2) 8+_SD', '11023.17', 'X', '6111.3', '3/4', '0.35', 'DVB-S', 'SD'),
('W2A', '1A6  7_SD', '10958.67', 'X', '4434', '7/8', '0.35', 'DVB-S', 'SD'),
('W2A', '1B6  7_SD', '10964.67', 'X', '4434', '7/8', '0.35', 'DVB-S', 'SD'),
('W2A', '1C6  7_SD', '10970.67', 'X', '4434', '7/8', '0.35', 'DVB-S', 'SD'),
('W2A', '1D6  7_SD', '10976.67', 'X', '4434', '7/8', '0.35', 'DVB-S', 'SD'),
('W2A', '1E6  7_SD', '10982.67', 'X', '4434', '7/8', '0.35', 'DVB-S', 'SD'),
('W2A', '1F6  7_SD', '10988.67', 'X', '4434', '7/8', '0.35', 'DVB-S', 'SD'),
('W2A', '1G6  7_SD', '10994.67', 'X', '4434', '7/8', '0.35', 'DVB-S', 'SD'),
('W2A', '1H6  7_SD', '11000.67', 'X', '4434', '7/8', '0.35', 'DVB-S', 'SD'),
('W2A', '1K6  7_SD', '11006.67', 'X', '4434', '7/8', '0.35', 'DVB-S', 'SD'),
('W2A', '1L6  7_SD', '11012.67', 'X', '4434', '7/8', '0.35', 'DVB-S', 'SD'),
('W2A', '1M6  7_SD', '11018.67', 'X', '4434', '7/8', '0.35', 'DVB-S', 'SD'),
('W2A', '1N6  7_SD', '11024.67', 'X', '4434', '7/8', '0.35', 'DVB-S', 'SD'),
('W2A', '3A18  22_SD', '11048', 'X', '13333.1', '7/8', '0.35', 'DVB-S', 'SD'),
('W2A', '3D18 (K0) 22_SD', '11066', 'X', '13333.1', '7/8', '0.35', 'DVB-S', 'SD'),
('W2A', '3G18 22_SD', '11084', 'X', '13333.1', '7/8', '0.35', 'DVB-S', 'SD'),
('W2A', '3L18 22_SD', '11102', 'X', '13333.1', '7/8', '0.35', 'DVB-S', 'SD'),
('W2A', '3A9   11_SD', '11043.5', 'X', '6666.5', '7/8', '0.35', 'DVB-S', 'SD'),
('W2A', '3B9 (J2) 11_SD', '11052.5', 'X', '6666.5', '7/8', '0.35', 'DVB-S', 'SD'),
('W2A', '3D9 (K1) 11_SD', '11061.5', 'X', '6666.5', '7/8', '0.35', 'DVB-S', 'SD'),
('W2A', '3E9 (K2) 11_SD', '11070.5', 'X', '6666.5', '7/8', '0.35', 'DVB-S', 'SD'),
('W2A', '3G9  11_SD', '11079.5', 'X', '6666.5', '7/8', '0.35', 'DVB-S', 'SD'),
('W2A', '3H9  11_SD', '11088.5', 'X', '6666.5', '7/8', '0.35', 'DVB-S', 'SD'),
('W2A', '3L9  11_SD', '11097.5', 'X', '6666.5', '7/8', '0.35', 'DVB-S', 'SD'),
('W2A', '3M9  11_SD', '11106.5', 'X', '6666.5', '7/8', '0.35', 'DVB-S', 'SD'),
('W2A', '3A9   8+_SD', '11043.5', 'X', '6111.3', '3/4', '0.35', 'DVB-S', 'SD'),
('W2A', '3B9 (J2) 8+_SD', '11052.5', 'X', '6111.3', '3/4', '0.35', 'DVB-S', 'SD'),
('W2A', '3D9 (K1) 8+_SD', '11061.5', 'X', '6111.3', '3/4', '0.35', 'DVB-S', 'SD'),
('W2A', '3E9 (K2) 8+_SD', '11070.5', 'X', '6111.3', '3/4', '0.35', 'DVB-S', 'SD'),
('W2A', '3G9  8+_SD', '11079.5', 'X', '6111.3', '3/4', '0.35', 'DVB-S', 'SD'),
('W2A', '3H9  8+_SD', '11088.5', 'X', '6111.3', '3/4', '0.35', 'DVB-S', 'SD'),
('W2A', '3L9  8+_SD', '11097.5', 'X', '6111.3', '3/4', '0.35', 'DVB-S', 'SD'),
('W2A', '3M9  8+_SD', '11106.5', 'X', '6111.3', '3/4', '0.35', 'DVB-S', 'SD'),
('W2A', '3A6  7_SD', '11042.0', 'X', '4434', '7/8', '0.35', 'DVB-S', 'SD'),
('W2A', '3B6  7_SD', '11048.0', 'X', '4434', '7/8', '0.35', 'DVB-S', 'SD'),
('W2A', '3C6  7_SD', '11054', 'X', '4434', '7/8', '0.35', 'DVB-S', 'SD'),
('W2A', '3D6  7_SD', '11060', 'X', '4434', '7/8', '0.35', 'DVB-S', 'SD'),
('W2A', '3E6  7_SD', '11066', 'X', '4434', '7/8', '0.35', 'DVB-S', 'SD'),
('W2A', '3F6  7_SD', '11072', 'X', '4434', '7/8', '0.35', 'DVB-S', 'SD'),
('W2A', '3G6  7_SD', '11078', 'X', '4434', '7/8', '0.35', 'DVB-S', 'SD'),
('W2A', '3H6  7_SD', '11084', 'X', '4434', '7/8', '0.35', 'DVB-S', 'SD'),
('W2A', '3K6  7_SD', '11090', 'X', '4434', '7/8', '0.35', 'DVB-S', 'SD'),
('W2A', '3L6  7_SD', '11096', 'X', '4434', '7/8', '0.35', 'DVB-S', 'SD'),
('W2A', '3M6  7_SD', '11102', 'X', '4434', '7/8', '0.35', 'DVB-S', 'SD'),
('W2A', '3N6  7_SD', '11108', 'X', '4434', '7/8', '0.35', 'DVB-S', 'SD'),
('W2A', 'C5G18 22_SD', '3847.0', 'Y', '13333.1', '7/8', '0.35', 'DVB-S', 'SD'),
('W2A', 'C5L18 22_SD', '3865.0', 'Y', '13333.1', '7/8', '0.35', 'DVB-S', 'SD'),
('W2A', 'C5G9 11_SD', '3842.5', 'Y', '6666.5', '7/8', '0.35', 'DVB-S', 'SD'),
('W2A', 'C5L9 11_SD', '3860.5', 'Y', '6666.5', '7/8', '0.35', 'DVB-S', 'SD'),
('W2A', 'C5M9 11_SD', '3869.5', 'Y', '6666.5', '7/8', '0.35', 'DVB-S', 'SD'),
('W2A', 'C5G9  8+_SD', '3842.5', 'Y', '6111.3', '3/4', '0.35', 'DVB-S', 'SD'),
('W2A', 'C5H9  8+_SD', '3851.5', 'Y', '6111.3', '3/4', '0.35', 'DVB-S', 'SD'),
('W2A', 'C5L9  8+_SD', '3860.5', 'Y', '6111.3', '3/4', '0.35', 'DVB-S', 'SD'),
('W2A', 'C5M9  8+_SD', '3869.5', 'Y', '6111.3', '3/4', '0.35', 'DVB-S', 'SD'),
('W2A', 'C5G6  7_SD', '3841.0', 'Y', '4434', '7/8', '0.35', 'DVB-S', 'SD'),
('W2A', 'C5H6  7_SD', '3847.0', 'Y', '4434', '7/8', '0.35', 'DVB-S', 'SD'),
('W2A', 'C5K6  7_SD', '3853.0', 'Y', '4434', '7/8', '0.35', 'DVB-S', 'SD'),
('W2A', 'C5L6  7_SD', '3859.0', 'Y', '4434', '7/8', '0.35', 'DVB-S', 'SD'),
('W2A', 'C5M6  7_SD', '3865.0', 'Y', '4434', '7/8', '0.35', 'DVB-S', 'SD'),
('W2A', 'C5N6  7_SD', '3871.0', 'Y', '4434', '7/8', '0.35', 'DVB-S', 'SD'),
('IS805', '25A18 22_SD', '4040', 'X', '13333.1', '7/8', '0.35', 'DVB-S', 'SD'),
('IS805', '25D18 22_SD', '4040', 'X', '13333.1', '7/8', '0.35', 'DVB-S', 'SD'),
('IS805', '25A9 11_SD', '4052', 'X', '6666.5', '7/8', '0.35', 'DVB-S', 'SD'),
('IS805', '25B9 11_SD', '4052', 'X', '6666.5', '7/8', '0.35', 'DVB-S', 'SD'),
('IS805', '25D9 11_SD', '4052', 'X', '6666.5', '7/8', '0.35', 'DVB-S', 'SD'),
('IS805', '25E9 11_SD', '4052', 'X', '6666.5', '7/8', '0.35', 'DVB-S', 'SD'),
('IS805', '25A9 8+_SD', '4058', 'X', '6111.3', '3/4', '0.35', 'DVB-S', 'SD'),
('IS805', '25B9 8+_SD', '4058', 'X', '6111.3', '3/4', '0.35', 'DVB-S', 'SD'),
('IS805', '25D9 8+_SD', '4064', 'X', '6111.3', '3/4', '0.35', 'DVB-S', 'SD'),
('IS805', '25E9 8+_SD', '4064', 'X', '6111.3', '3/4', '0.35', 'DVB-S', 'SD'),
('IS805', '25A6  7_SD', '4070', 'X', '4434', '7/8', '0.35', 'DVB-S', 'SD'),
('IS805', '25C6  7_SD', '4070', 'X', '4434', '7/8', '0.35', 'DVB-S', 'SD'),
('IS805', '25C6  7_SD', '4041.5', 'X', '4434', '7/8', '0.35', 'DVB-S', 'SD'),
('IS805', '25D6  7_SD', '4041.5', 'X', '4434', '7/8', '0.35', 'DVB-S', 'SD'),
('IS805', '25E6  7_SD', '4041.5', 'X', '4434', '7/8', '0.35', 'DVB-S', 'SD'),
('IS805', '25F6  7_SD', '4050.5', 'X', '4434', '7/8', '0.35', 'DVB-S', 'SD'),
('AS', '2A18 (A0) 22_SD', '3691', 'Y', '13333.1', '7/8', '0.35', 'DVB-S', 'SD'),
('AS', '2D18 (B0) 22_SD', '3709', 'Y', '13333.1', '7/8', '0.35', 'DVB-S', 'SD'),
('AS', '2A9 (A1) 11_SD', '3686.5', 'Y', '6666.5', '7/8', '0.35', 'DVB-S', 'SD'),
('AS', '2B9 (A2) 11_SD', '3695.5', 'Y', '6666.5', '7/8', '0.35', 'DVB-S', 'SD'),
('AS', '2D9 (B1) 11_SD', '3704.5', 'Y', '6666.5', '7/8', '0.35', 'DVB-S', 'SD'),
('AS', '2E9 (B2) 11_SD', '3713.5', 'Y', '6666.5', '7/8', '0.35', 'DVB-S', 'SD'),
('AS', '2A9 (A1) 8+_SD', '3686.5', 'Y', '6111.3', '3/4', '0.35', 'DVB-S', 'SD'),
('AS', '2B9 (A2) 8+_SD', '3695.5', 'Y', '6111.3', '3/4', '0.35', 'DVB-S', 'SD'),
('AS', '2D9 (B1) 8+_SD', '3704.5', 'Y', '6111.3', '3/4', '0.35', 'DVB-S', 'SD'),
('AS', '2E9 (B2) 8+_SD', '3713.5', 'Y', '6111.3', '3/4', '0.35', 'DVB-S', 'SD'),
('AS', '2A6  7_SD', '3685', 'Y', '4434', '7/8', '0.35', 'DVB-S', 'SD'),
('AS', '2B6  7_SD', '3691', 'Y', '4434', '7/8', '0.35', 'DVB-S', 'SD'),
('AS', '2C6  7_SD', '3697', 'Y', '4434', '7/8', '0.35', 'DVB-S', 'SD'),
('AS', '2D6  7_SD', '3703', 'Y', '4434', '7/8', '0.35', 'DVB-S', 'SD'),
('AS', '2E6  7_SD', '3709', 'Y', '4434', '7/8', '0.35', 'DVB-S', 'SD'),
('AS', '2F6  7_SD', '3715', 'Y', '4434', '7/8', '0.35', 'DVB-S', 'SD'),
('AS', '11A18 (E0) 22_SD', '4055', 'Y', '13333.1', '7/8', '0.35', 'DVB-S', 'SD'),
('AS', '11D18 (F0) 22_SD', '4077', 'Y', '13333.1', '7/8', '0.35', 'DVB-S', 'SD'),
('AS', '11G18 (G0) 22_SD', '4099', 'Y', '13333.1', '7/8', '0.35', 'DVB-S', 'SD'),
('AS', '11A9  (E1) 11_SD', '4049.5', 'Y', '6666.5', '7/8', '0.35', 'DVB-S', 'SD'),
('AS', '11B9  (E2) 11_SD', '4060.5', 'Y', '6666.5', '7/8', '0.35', 'DVB-S', 'SD'),
('AS', '11D9  (F1) 11_SD', '4071.5', 'Y', '6666.5', '7/8', '0.35', 'DVB-S', 'SD'),
('AS', '11E9  (F2) 11_SD', '4082.5', 'Y', '6666.5', '7/8', '0.35', 'DVB-S', 'SD'),
('AS', '11G9  (G1) 11_SD', '4093.5', 'Y', '6666.5', '7/8', '0.35', 'DVB-S', 'SD'),
('AS', '11H9  (G2) 11_SD', '4104.5', 'Y', '6666.5', '7/8', '0.35', 'DVB-S', 'SD'),
('AS', '11A9  (E1) 8+_SD', '4049.5', 'Y', '6111.3', '3/4', '0.35', 'DVB-S', 'SD'),
('AS', '11B9  (E2) 8+_SD', '4060.5', 'Y', '6111.3', '3/4', '0.35', 'DVB-S', 'SD'),
('AS', '11D9  (F1) 8+_SD', '4071.5', 'Y', '6111.3', '3/4', '0.35', 'DVB-S', 'SD'),
('AS', '11E9  (F2) 8+_SD', '4082.5', 'Y', '6111.3', '3/4', '0.35', 'DVB-S', 'SD'),
('AS', '11G9  (G1) 8+_SD', '4093.5', 'Y', '6111.3', '3/4', '0.35', 'DVB-S', 'SD'),
('AS', '11H9  (G2) 8+_SD', '4104.5', 'Y', '6111.3', '3/4', '0.35', 'DVB-S', 'SD'),
('AS', '11A6  7_SD', '4048', 'Y', '4434', '7/8', '0.35', 'DVB-S', 'SD'),
('AS', '11B6  7_SD', '4056', 'Y', '4434', '7/8', '0.35', 'DVB-S', 'SD'),
('AS', '11C6  7_SD', '4064', 'Y', '4434', '7/8', '0.35', 'DVB-S', 'SD'),
('AS', '11D6  7_SD', '4072', 'Y', '4434', '7/8', '0.35', 'DVB-S', 'SD'),
('AS', '11E6  7_SD', '4080', 'Y', '4434', '7/8', '0.35', 'DVB-S', 'SD'),
('AS', '11F6  7_SD', '4088', 'Y', '4434', '7/8', '0.35', 'DVB-S', 'SD'),
('AS', '11G6  7_SD', '4096', 'Y', '4434', '7/8', '0.35', 'DVB-S', 'SD'),
('AS', '11H6  7_SD', '4104', 'Y', '4434', '7/8', '0.35', 'DVB-S', 'SD'),
('AS', '11K6  7_SD', '4112', 'Y', '4434', '7/8', '0.35', 'DVB-S', 'SD'),
('NS806', '26A18 22_SD', '4086', 'X', '13333.1', '7/8', '0.35', 'DVB-S', 'SD'),
('NS806', '26D18 22_SD', '4104', 'X', '13333.1', '7/8', '0.35', 'DVB-S', 'SD'),
('NS806', '26A9 11_SD', '4081.5', 'X', '6666.5', '7/8', '0.35', 'DVB-S', 'SD'),
('NS806', '26B9 11_SD', '4090.5', 'X', '6666.5', '7/8', '0.35', 'DVB-S', 'SD'),
('NS806', '26D9 11_SD', '4099.5', 'X', '6666.5', '7/8', '0.35', 'DVB-S', 'SD'),
('NS806', '26E9 11_SD', '4108.5', 'X', '6666.5', '7/8', '0.35', 'DVB-S', 'SD'),
('NS806', '26A9 8+_SD', '4081.5', 'X', '6111.3', '3/4', '0.35', 'DVB-S', 'SD'),
('NS806', '26B9 8+_SD', '4090.5', 'X', '6111.3', '3/4', '0.35', 'DVB-S', 'SD'),
('NS806', '26D9 8+_SD', '4099.5', 'X', '6111.3', '3/4', '0.35', 'DVB-S', 'SD'),
('NS806', '26E9 8+_SD', '4108.5', 'X', '6111.3', '3/4', '0.35', 'DVB-S', 'SD'),
('NS806', '26A6  7_SD', '4080', 'X', '4434', '7/8', '0.35', 'DVB-S', 'SD'),
('NS806', '26C6  7_SD', '4092', 'X', '4434', '7/8', '0.35', 'DVB-S', 'SD'),
('NS806', '26C6  7_SD', '4092', 'X', '4434', '7/8', '0.35', 'DVB-S', 'SD'),
('NS806', '26D6  7_SD', '4098', 'X', '4434', '7/8', '0.35', 'DVB-S', 'SD'),
('NS806', '26E6  7_SD', '4104', 'X', '4434', '7/8', '0.35', 'DVB-S', 'SD'),
('NS806', '26F6  7_SD', '4110', 'X', '4434', '7/8', '0.35', 'DVB-S', 'SD'),
('W3A', '1A6 11_SD', '10958.5', 'X', '4937.3', '3/4', '0.20', 'DVB-S2', 'SD'),
('W3A', '1B6 11_SD', '10964.5', 'X', '4937.3', '3/4', '0.20', 'DVB-S2', 'SD'),
('W3A', '1C6 11_SD', '10970.5', 'X', '4937.3', '3/4', '0.20', 'DVB-S2', 'SD'),
('W3A', '1D6 11_SD', '10976.5', 'X', '4937.3', '3/4', '0.20', 'DVB-S2', 'SD'),
('W3A', '1E6 11_SD', '10982.5', 'X', '4937.3', '3/4', '0.20', 'DVB-S2', 'SD'),
('W3A', '1F6 11_SD', '10988.5', 'X', '4937.3', '3/4', '0.20', 'DVB-S2', 'SD'),
('W3A', '1G6 11_SD', '10994.5', 'X', '4937.3', '3/4', '0.20', 'DVB-S2', 'SD'),
('W3A', '1H6 11_SD', '11000.5', 'X', '4937.3', '3/4', '0.20', 'DVB-S2', 'SD'),
('W3A', '1K6 11_SD', '11006.5', 'X', '4937.3', '3/4', '0.20', 'DVB-S2', 'SD'),
('W3A', '1L6 11_SD', '11012.5', 'X', '4937.3', '3/4', '0.20', 'DVB-S2', 'SD'),
('W3A', '1M6 11_SD', '11018.5', 'X', '4937.3', '3/4', '0.20', 'DVB-S2', 'SD'),
('W3A', '1N6 11_SD', '11024.5', 'X', '4937.3', '3/4', '0.20', 'DVB-S2', 'SD'),
('W3A', '1A9  (A1) 16_SD', '10960.0', 'X', '7200', '3/4', '0.25', 'DVB-S2', 'SD'),
('W3A', '1B9  (A2) 16_SD', '10969.0', 'X', '7200', '3/4', '0.25', 'DVB-S2', 'SD'),
('W3A', '1D9  (B1) 16_SD', '10978.0', 'X', '7200', '3/4', '0.25', 'DVB-S2', 'SD'),
('W3A', '1E9  (B2) 16_SD', '10987.0', 'X', '7200', '3/4', '0.25', 'DVB-S2', 'SD'),
('W3A', '1G9  (C1) 16_SD', '10996.0', 'X', '7200', '3/4', '0.25', 'DVB-S2', 'SD'),
('W3A', '1H9  (C2) 16_SD', '11005.0', 'X', '7200', '3/4', '0.25', 'DVB-S2', 'SD'),
('W3A', '1L9  (D1) 16_SD', '11014.0', 'X', '7200', '3/4', '0.25', 'DVB-S2', 'SD'),
('W3A', '1M9  (D2) 16_SD', '11023.0', 'X', '7200', '3/4', '0.25', 'DVB-S2', 'SD'),
('W3A', '1A12 22_SD', '10961.5', 'X', '9875', '3/4', '0.20', 'DVB-S2', 'SD'),
('W3A', '1C12 22_SD', '10973.5', 'X', '9875', '3/4', '0.20', 'DVB-S2', 'SD'),
('W3A', '1E12 22_SD', '10985.5', 'X', '9875', '3/4', '0.20', 'DVB-S2', 'SD'),
('W3A', '1G12 22_SD', '10997.5', 'X', '9875', '3/4', '0.20', 'DVB-S2', 'SD'),
('W3A', '1K12 22_SD', '11009.5', 'X', '9875', '3/4', '0.20', 'DVB-S2', 'SD'),
('W3A', '1M12 22_SD', '11021.5', 'X', '9875', '3/4', '0.20', 'DVB-S2', 'SD'),
('W3A', '1A18 (A0) 32_SD', '10964.5', 'X', '14400', '3/4', '0.25', 'DVB-S2', 'SD'),
('W3A', '1A18 (A0) 32_HD', '10964.5', 'X', '14400', '3/4', '0.25', 'DVB-S2', 'HD'),
('W3A', '1D18 (B0) 32_SD', '10982.5', 'X', '14400', '3/4', '0.25', 'DVB-S2', 'SD'),
('W3A', '1D18 (B0) 32_HD', '10982.5', 'X', '14400', '3/4', '0.25', 'DVB-S2', 'HD'),
('W3A', '1G18 (C0) 32_SD', '11000.5', 'X', '14400', '3/4', '0.25', 'DVB-S2', 'SD'),
('W3A', '1G18 (C0) 32_HD', '11000.5', 'X', '14400', '3/4', '0.25', 'DVB-S2', 'HD'),
('W3A', '1L18 (D0) 32_SD', '11018.5', 'X', '14400', '3/4', '0.25', 'DVB-S2', 'SD'),
('W3A', '1L18 (D0) 32_HD', '11018.5', 'X', '14400', '3/4', '0.25', 'DVB-S2', 'HD'),
('W3A', '1A24 42_HD', '10967.5', 'X', '19200', '3/4', '0.25', 'DVB-S2', 'HD'),
('W3A', '1E24 42_HD', '10991.5', 'X', '19200', '3/4', '0.25', 'DVB-S2', 'HD'),
('W3A', '1K24 42_HD', '11015.5', 'X', '19200', '3/4', '0.25', 'DVB-S2', 'HD'),
('W3A', '1A36 60_HD', '10973.5', 'X', '27745.254', '3/4', '0.25', 'DVB-S2', 'HD'),
('W3A', '1G36 60_HD', '11009.5', 'X', '27745.254', '3/4', '0.25', 'DVB-S2', 'HD'),
('W3A', '2A6 11_SD', '10958.5', 'Y', '4937.3', '3/4', '0.20', 'DVB-S2', 'SD'),
('W3A', '2B6 11_SD', '10964.5', 'Y', '4937.3', '3/4', '0.20', 'DVB-S2', 'SD'),
('W3A', '2C6 11_SD', '10970.5', 'Y', '4937.3', '3/4', '0.20', 'DVB-S2', 'SD'),
('W3A', '2D6 11_SD', '10976.5', 'Y', '4937.3', '3/4', '0.20', 'DVB-S2', 'SD'),
('W3A', '2E6 11_SD', '10982.5', 'Y', '4937.3', '3/4', '0.20', 'DVB-S2', 'SD'),
('W3A', '2F6 11_SD', '10988.5', 'Y', '4937.3', '3/4', '0.20', 'DVB-S2', 'SD'),
('W3A', '2G6 11_SD', '10994.5', 'Y', '4937.3', '3/4', '0.20', 'DVB-S2', 'SD'),
('W3A', '2H6 11_SD', '11000.5', 'Y', '4937.3', '3/4', '0.20', 'DVB-S2', 'SD'),
('W3A', '2K6 11_SD', '11006.5', 'Y', '4937.3', '3/4', '0.20', 'DVB-S2', 'SD'),
('W3A', '2L6 11_SD', '11012.5', 'Y', '4937.3', '3/4', '0.20', 'DVB-S2', 'SD'),
('W3A', '2M6 11_SD', '11018.5', 'Y', '4937.3', '3/4', '0.20', 'DVB-S2', 'SD'),
('W3A', '2N6 11_SD', '11024.5', 'Y', '4937.3', '3/4', '0.20', 'DVB-S2', 'SD'),
('W3A', '2A9  (E1) 16_SD', '10960.0', 'Y', '7200', '3/4', '0.25', 'DVB-S2', 'SD'),
('W3A', '2B9  (E2) 16_SD', '10969.0', 'Y', '7200', '3/4', '0.25', 'DVB-S2', 'SD'),
('W3A', '2D9  (F1) 16_SD', '10978.0', 'Y', '7200', '3/4', '0.25', 'DVB-S2', 'SD'),
('W3A', '2E9  (F2) 16_SD', '10987.0', 'Y', '7200', '3/4', '0.25', 'DVB-S2', 'SD'),
('W3A', '2G9  (G1) 16_SD', '10996.0', 'Y', '7200', '3/4', '0.25', 'DVB-S2', 'SD'),
('W3A', '2H9  (G2) 16_SD', '11005.0', 'Y', '7200', '3/4', '0.25', 'DVB-S2', 'SD'),
('W3A', '2L9  (H1) 16_SD', '11014.0', 'Y', '7200', '3/4', '0.25', 'DVB-S2', 'SD'),
('W3A', '2M9 16_SD', '11023.0', 'Y', '7200', '3/4', '0.25', 'DVB-S2', 'SD'),
('W3A', '2A12 22_SD', '10961.5', 'Y', '9875', '3/4', '0.20', 'DVB-S2', 'SD'),
('W3A', '2C12 22_SD', '10973.5', 'Y', '9875', '3/4', '0.20', 'DVB-S2', 'SD'),
('W3A', '2E12 22_SD', '10985.5', 'Y', '9875', '3/4', '0.20', 'DVB-S2', 'SD'),
('W3A', '2G12 22_SD', '10997.5', 'Y', '9875', '3/4', '0.20', 'DVB-S2', 'SD'),
('W3A', '2K12 22_SD', '11009.5', 'Y', '9875', '3/4', '0.20', 'DVB-S2', 'SD'),
('W3A', '2M12 22_SD', '11021.5', 'Y', '9875', '3/4', '0.20', 'DVB-S2', 'SD'),
('W3A', '2A18 (E0) 32_SD', '10964.5', 'Y', '14400', '3/4', '0.25', 'DVB-S2', 'SD'),
('W3A', '2A18 (E0) 32_HD', '10964.5', 'Y', '14400', '3/4', '0.25', 'DVB-S2', 'HD'),
('W3A', '2D18 (F0) 32_SD', '10982.5', 'Y', '14400', '3/4', '0.25', 'DVB-S2', 'SD'),
('W3A', '2D18 (F0) 32_HD', '10982.5', 'Y', '14400', '3/4', '0.25', 'DVB-S2', 'HD'),
('W3A', '2G18 (G0) 32_SD', '11000.5', 'Y', '14400', '3/4', '0.25', 'DVB-S2', 'SD'),
('W3A', '2G18 (G0) 32_HD', '11000.5', 'Y', '14400', '3/4', '0.25', 'DVB-S2', 'HD'),
('W3A', '2L18 32_SD', '11018.5', 'Y', '14400', '3/4', '0.25', 'DVB-S2', 'SD'),
('W3A', '2L18 32_HD', '11018.5', 'Y', '14400', '3/4', '0.25', 'DVB-S2', 'HD'),
('W3A', '2A24 42_HD', '10967.5', 'Y', '19200', '3/4', '0.25', 'DVB-S2', 'HD'),
('W3A', '2E24 42_HD', '10991.5', 'Y', '19200', '3/4', '0.25', 'DVB-S2', 'HD'),
('W3A', '2K24 42_HD', '11015.5', 'Y', '19200', '3/4', '0.25', 'DVB-S2', 'HD'),
('W3A', '2A36 60_HD', '10973.5', 'Y', '27745.254', '3/4', '0.25', 'DVB-S2', 'HD'),
('W3A', '2G36 60_HD', '11009.5', 'Y', '27745.254', '3/4', '0.25', 'DVB-S2', 'HD'),
('W3A', '3A6 11_SD', '11042', 'X', '4937.3', '3/4', '0.20', 'DVB-S2', 'SD'),
('W3A', '3B6 11_SD', '11048', 'X', '4937.3', '3/4', '0.20', 'DVB-S2', 'SD'),
('W3A', '3C6 11_SD', '11054', 'X', '4937.3', '3/4', '0.20', 'DVB-S2', 'SD'),
('W3A', '3D6 11_SD', '11060', 'X', '4937.3', '3/4', '0.20', 'DVB-S2', 'SD'),
('W3A', '3E6 11_SD', '11066', 'X', '4937.3', '3/4', '0.20', 'DVB-S2', 'SD'),
('W3A', '3F6 11_SD', '11072', 'X', '4937.3', '3/4', '0.20', 'DVB-S2', 'SD'),
('W3A', '3G6 11_SD', '11078', 'X', '4937.3', '3/4', '0.20', 'DVB-S2', 'SD'),
('W3A', '3H6 11_SD', '11084', 'X', '4937.3', '3/4', '0.20', 'DVB-S2', 'SD'),
('W3A', '3K6 11_SD', '11090', 'X', '4937.3', '3/4', '0.20', 'DVB-S2', 'SD'),
('W3A', '3L6 11_SD', '11096', 'X', '4937.3', '3/4', '0.20', 'DVB-S2', 'SD'),
('W3A', '3M6 11_SD', '11102', 'X', '4937.3', '3/4', '0.20', 'DVB-S2', 'SD'),
('W3A', '3N6 11_SD', '11108', 'X', '4937.3', '3/4', '0.20', 'DVB-S2', 'SD'),
('W3A', '3A9 (J1) 16_SD', '11043.5', 'X', '7200', '3/4', '0.25', 'DVB-S2', 'SD'),
('W3A', '3B9 (J2) 16_SD', '11052.5', 'X', '7200', '3/4', '0.25', 'DVB-S2', 'SD'),
('W3A', '3D9 (K1) 16_SD', '11061.5', 'X', '7200', '3/4', '0.25', 'DVB-S2', 'SD'),
('W3A', '3E9 (K2) 16_SD', '11070.5', 'X', '7200', '3/4', '0.25', 'DVB-S2', 'SD'),
('W3A', '3G9 (L1) 16_SD', '11079.5', 'X', '7200', '3/4', '0.25', 'DVB-S2', 'SD'),
('W3A', '3H9 (L2) 16_SD', '11088.5', 'X', '7200', '3/4', '0.25', 'DVB-S2', 'SD'),
('W3A', '3L9 (M1) 16_SD', '11097.5', 'X', '7200', '3/4', '0.25', 'DVB-S2', 'SD'),
('W3A', '3M9 (M2) 16_SD', '11106.5', 'X', '7200', '3/4', '0.25', 'DVB-S2', 'SD'),
('W3A', '3A12 22_SD', '11045', 'X', '9875', '3/4', '0.20', 'DVB-S2', 'SD'),
('W3A', '3C12 22_SD', '11057', 'X', '9875', '3/4', '0.20', 'DVB-S2', 'SD'),
('W3A', '3E12 22_SD', '11069', 'X', '9875', '3/4', '0.20', 'DVB-S2', 'SD'),
('W3A', '3G12 22_SD', '11081', 'X', '9875', '3/4', '0.20', 'DVB-S2', 'SD'),
('W3A', '3K12 22_SD', '11093', 'X', '9875', '3/4', '0.20', 'DVB-S2', 'SD'),
('W3A', '3M12 22_SD', '11105', 'X', '9875', '3/4', '0.20', 'DVB-S2', 'SD'),
('W3A', '3A18  32_SD', '11048', 'X', '14400', '3/4', '0.25', 'DVB-S2', 'SD'),
('W3A', '3A18  32_HD', '11048', 'X', '14400', '3/4', '0.25', 'DVB-S2', 'HD'),
('W3A', '3D18 (K0) 32_SD', '11066', 'X', '14400', '3/4', '0.25', 'DVB-S2', 'SD'),
('W3A', '3D18 (K0) 32_HD', '11066', 'X', '14400', '3/4', '0.25', 'DVB-S2', 'HD'),
('W3A', '3G18 (L0) 32_SD', '11084', 'X', '14400', '3/4', '0.25', 'DVB-S2', 'SD'),
('W3A', '3G18 (L0) 32_HD', '11084', 'X', '14400', '3/4', '0.25', 'DVB-S2', 'HD'),
('W3A', '3L18 (M0) 32_SD', '11102', 'X', '14400', '3/4', '0.25', 'DVB-S2', 'SD'),
('W3A', '3L18 (M0) 32_HD', '11102', 'X', '14400', '3/4', '0.25', 'DVB-S2', 'HD'),
('W3A', '3A24 42_HD', '11051', 'X', '19200', '3/4', '0.25', 'DVB-S2', 'HD'),
('W3A', '3E24 42_HD', '11075', 'X', '19200', '3/4', '0.25', 'DVB-S2', 'HD'),
('W3A', '3K24 42_HD', '11099', 'X', '19200', '3/4', '0.25', 'DVB-S2', 'HD'),
('W3A', '3A36 60_HD', '11057', 'X', '27745.254', '3/4', '0.25', 'DVB-S2', 'HD'),
('W3A', '3G36 60_HD', '11093', 'X', '27745.254', '3/4', '0.25', 'DVB-S2', 'HD'),
('W3A', '4A6 11_SD', '11042', 'Y', '4937.3', '3/4', '0.20', 'DVB-S2', 'SD'),
('W3A', '4B6 11_SD', '11048', 'Y', '4937.3', '3/4', '0.20', 'DVB-S2', 'SD'),
('W3A', '4C6 11_SD', '11054', 'Y', '4937.3', '3/4', '0.20', 'DVB-S2', 'SD'),
('W3A', '4D6 11_SD', '11060', 'Y', '4937.3', '3/4', '0.20', 'DVB-S2', 'SD'),
('W3A', '4E6 11_SD', '11066', 'Y', '4937.3', '3/4', '0.20', 'DVB-S2', 'SD'),
('W3A', '4F6 11_SD', '11072', 'Y', '4937.3', '3/4', '0.20', 'DVB-S2', 'SD'),
('W3A', '4G6 11_SD', '11078', 'Y', '4937.3', '3/4', '0.20', 'DVB-S2', 'SD'),
('W3A', '4H6 11_SD', '11084', 'Y', '4937.3', '3/4', '0.20', 'DVB-S2', 'SD'),
('W3A', '4K6 11_SD', '11090', 'Y', '4937.3', '3/4', '0.20', 'DVB-S2', 'SD'),
('W3A', '4L6 11_SD', '11096', 'Y', '4937.3', '3/4', '0.20', 'DVB-S2', 'SD'),
('W3A', '4M6 11_SD', '11102', 'Y', '4937.3', '3/4', '0.20', 'DVB-S2', 'SD'),
('W3A', '4N6 11_SD', '11108', 'Y', '4937.3', '3/4', '0.20', 'DVB-S2', 'SD'),
('W3A', '4A9 (N1) 16_SD', '11043.5', 'Y', '7200', '3/4', '0.25', 'DVB-S2', 'SD'),
('W3A', '4B9 (N2) 16_SD', '11052.5', 'Y', '7200', '3/4', '0.25', 'DVB-S2', 'SD'),
('W3A', '4D9 (P1) 16_SD', '11061.5', 'Y', '7200', '3/4', '0.25', 'DVB-S2', 'SD'),
('W3A', '4E9 (P2) 16_SD', '11070.5', 'Y', '7200', '3/4', '0.25', 'DVB-S2', 'SD'),
('W3A', '4G9 (Q1) 16_SD', '11079.5', 'Y', '7200', '3/4', '0.25', 'DVB-S2', 'SD'),
('W3A', '4H9 (Q2) 16_SD', '11088.5', 'Y', '7200', '3/4', '0.25', 'DVB-S2', 'SD'),
('W3A', '4L9 (R1) 16_SD', '11097.5', 'Y', '7200', '3/4', '0.25', 'DVB-S2', 'SD'),
('W3A', '4M9 (R2) 16_SD', '11106.5', 'Y', '7200', '3/4', '0.25', 'DVB-S2', 'SD'),
('W3A', '4A12 22_SD', '11045', 'Y', '9875', '3/4', '0.20', 'DVB-S2', 'SD'),
('W3A', '4C12 22_SD', '11057', 'Y', '9875', '3/4', '0.20', 'DVB-S2', 'SD'),
('W3A', '4E12 22_SD', '11069', 'Y', '9875', '3/4', '0.20', 'DVB-S2', 'SD'),
('W3A', '4G12 22_SD', '11081', 'Y', '9875', '3/4', '0.20', 'DVB-S2', 'SD'),
('W3A', '4K12 22_SD', '11093', 'Y', '9875', '3/4', '0.20', 'DVB-S2', 'SD'),
('W3A', '4M12 22_SD', '11105', 'Y', '9875', '3/4', '0.20', 'DVB-S2', 'SD'),
('W3A', '4A18  32_SD', '11048', 'Y', '14400', '3/4', '0.25', 'DVB-S2', 'SD'),
('W3A', '4A18  32_HD', '11048', 'Y', '14400', '3/4', '0.25', 'DVB-S2', 'HD'),
('W3A', '4D18 (P0) 32_SD', '11066', 'Y', '14400', '3/4', '0.25', 'DVB-S2', 'SD'),
('W3A', '4D18 (P0) 32_HD', '11066', 'Y', '14400', '3/4', '0.25', 'DVB-S2', 'HD'),
('W3A', '4G18 (Q0) 32_SD', '11084', 'Y', '14400', '3/4', '0.25', 'DVB-S2', 'SD'),
('W3A', '4G18 (Q0) 32_HD', '11084', 'Y', '14400', '3/4', '0.25', 'DVB-S2', 'HD'),
('W3A', '4L18 (R0) 32_SD', '11102', 'Y', '14400', '3/4', '0.25', 'DVB-S2', 'SD'),
('W3A', '4L18 (R0) 32_HD', '11102', 'Y', '14400', '3/4', '0.25', 'DVB-S2', 'HD'),
('W3A', '4A24 42_HD', '11051', 'Y', '19200', '3/4', '0.25', 'DVB-S2', 'HD'),
('W3A', '4E24 42_HD', '11075', 'Y', '19200', '3/4', '0.25', 'DVB-S2', 'HD'),
('W3A', '4K24 42_HD', '11099.0', 'Y', '19200', '3/4', '0.25', 'DVB-S2', 'HD'),
('W3A', '4A36 60_HD', '11057', 'Y', '27745.254', '3/4', '0.25', 'DVB-S2', 'HD'),
('W3A', '4G36 60_HD', '11093', 'Y', '27745.254', '3/4', '0.25', 'DVB-S2', 'HD'),
('W3A', '10A36 65_MX', '11407.5', 'Y', '30000', '3/4', '0.20', 'DVB-S2', 'SD'),
('W3A', '10A36 60_HD', '11407.5', 'Y', '27745.254', '3/4', '0.25', 'DVB-S2', 'HD'),
('W3A', '10A6 11_SD', '11392.5', 'Y', '4937.3', '3/4', '0.20', 'DVB-S2', 'SD'),
('W3A', '10B6 11_SD', '11398.5', 'Y', '4937.3', '3/4', '0.20', 'DVB-S2', 'SD'),
('W3A', '10C6 11_SD', '11404.5', 'Y', '4937.3', '3/4', '0.20', 'DVB-S2', 'SD'),
('W3A', '10D6 11_SD', '11410.5', 'Y', '4937.3', '3/4', '0.20', 'DVB-S2', 'SD'),
('W3A', '10E6 11_SD', '11416.5', 'Y', '4937.3', '3/4', '0.20', 'DVB-S2', 'SD'),
('W3A', '10F6 11_SD', '11422.5', 'Y', '4937.3', '3/4', '0.20', 'DVB-S2', 'SD'),
('W3A', '10A9 (S1) 16_SD', '11394', 'Y', '7200', '3/4', '0.25', 'DVB-S2', 'SD'),
('W3A', '10B9 (S2) 16_SD', '11403', 'Y', '7200', '3/4', '0.25', 'DVB-S2', 'SD'),
('W3A', '10D9 (T1) 16_SD', '11412', 'Y', '7200', '3/4', '0.25', 'DVB-S2', 'SD'),
('W3A', '10E9 (T2) 16_SD', '11421', 'Y', '7200', '3/4', '0.25', 'DVB-S2', 'SD'),
('W3A', '10A12 22_SD', '11395.5', 'Y', '9875', '3/4', '0.20', 'DVB-S2', 'SD'),
('W3A', '10C12 22_SD', '11407.5', 'Y', '9875', '3/4', '0.20', 'DVB-S2', 'SD'),
('W3A', '10E12 22_SD', '11419.5', 'Y', '9875', '3/4', '0.20', 'DVB-S2', 'SD'),
('W3A', '10A18 (S0) 32_SD', '11398.5', 'Y', '14400', '3/4', '0.25', 'DVB-S2', 'SD'),
('W3A', '10A18 (S0) 32_HD', '11398.5', 'Y', '14400', '3/4', '0.25', 'DVB-S2', 'HD'),
('W3A', '10D18 (T0) 32_SD', '11416.5', 'Y', '14400', '3/4', '0.25', 'DVB-S2', 'SD'),
('W3A', '10D18 (T0) 32_HD', '11416.5', 'Y', '14400', '3/4', '0.25', 'DVB-S2', 'HD'),
('W3A', '10C24 42_HD', '11413.5', 'Y', '19200', '3/4', '0.25', 'DVB-S2', 'HD'),
('W2A', '1A6 11_SD', '10958.67', 'X', '4937.3', '3/4', '0.20', 'DVB-S2', 'SD'),
('W2A', '1B6 11_SD', '10964.67', 'X', '4937.3', '3/4', '0.20', 'DVB-S2', 'SD'),
('W2A', '1C6 11_SD', '10970.67', 'X', '4937.3', '3/4', '0.20', 'DVB-S2', 'SD'),
('W2A', '1D6 11_SD', '10976.67', 'X', '4937.3', '3/4', '0.20', 'DVB-S2', 'SD'),
('W2A', '1E6 11_SD', '10982.67', 'X', '4937.3', '3/4', '0.20', 'DVB-S2', 'SD'),
('W2A', '1F6 11_SD', '10988.67', 'X', '4937.3', '3/4', '0.20', 'DVB-S2', 'SD'),
('W2A', '1G6 11_SD', '10994.67', 'X', '4937.3', '3/4', '0.20', 'DVB-S2', 'SD'),
('W2A', '1H6 11_SD', '11000.67', 'X', '4937.3', '3/4', '0.20', 'DVB-S2', 'SD'),
('W2A', '1K6 11_SD', '11006.67', 'X', '4937.3', '3/4', '0.20', 'DVB-S2', 'SD'),
('W2A', '1L6 11_SD', '11012.67', 'X', '4937.3', '3/4', '0.20', 'DVB-S2', 'SD'),
('W2A', '1M6 11_SD', '11018.67', 'X', '4937.3', '3/4', '0.20', 'DVB-S2', 'SD'),
('W2A', '1N6 11_SD', '11024.67', 'X', '4937.3', '3/4', '0.20', 'DVB-S2', 'SD'),
('W2A', '1A9  (A1) 16_SD', '10960.17', 'X', '7200', '3/4', '0.25', 'DVB-S2', 'SD'),
('W2A', '1B9  (A2) 16_SD', '10969.17', 'X', '7200', '3/4', '0.25', 'DVB-S2', 'SD'),
('W2A', '1D9  (B1) 16_SD', '10978.17', 'X', '7200', '3/4', '0.25', 'DVB-S2', 'SD'),
('W2A', '1E9  (B2) 16_SD', '10987.17', 'X', '7200', '3/4', '0.25', 'DVB-S2', 'SD'),
('W2A', '1G9  (C1) 16_SD', '10996.17', 'X', '7200', '3/4', '0.25', 'DVB-S2', 'SD'),
('W2A', '1H9  (C2) 16_SD', '11005.17', 'X', '7200', '3/4', '0.25', 'DVB-S2', 'SD'),
('W2A', '1L9  (D1) 16_SD', '11014.17', 'X', '7200', '3/4', '0.25', 'DVB-S2', 'SD'),
('W2A', '1M9  (D2) 16_SD', '11023.17', 'X', '7200', '3/4', '0.25', 'DVB-S2', 'SD'),
('W2A', '1A12 22_SD', '10961.67', 'X', '9875', '3/4', '0.20', 'DVB-S2', 'SD'),
('W2A', '1C12 22_SD', '10973.67', 'X', '9875', '3/4', '0.20', 'DVB-S2', 'SD'),
('W2A', '1E12 22_SD', '10985.67', 'X', '9875', '3/4', '0.20', 'DVB-S2', 'SD'),
('W2A', '1G12 22_SD', '10997.67', 'X', '9875', '3/4', '0.20', 'DVB-S2', 'SD'),
('W2A', '1K12 22_SD', '11009.67', 'X', '9875', '3/4', '0.20', 'DVB-S2', 'SD'),
('W2A', '1M12 22_SD', '11021.67', 'X', '9875', '3/4', '0.20', 'DVB-S2', 'SD'),
('W2A', '1A18 (A0) 32_SD', '10964.67', 'X', '14400', '3/4', '0.25', 'DVB-S2', 'SD'),
('W2A', '1A18 (A0) 32_HD', '10964.67', 'X', '14400', '3/4', '0.25', 'DVB-S2', 'HD'),
('W2A', '1D18 (B0) 32_SD', '10982.67', 'X', '14400', '3/4', '0.25', 'DVB-S2', 'SD'),
('W2A', '1D18 (B0) 32_HD', '10982.67', 'X', '14400', '3/4', '0.25', 'DVB-S2', 'HD'),
('W2A', '1G18 (C0) 32_SD', '11000.67', 'X', '14400', '3/4', '0.25', 'DVB-S2', 'SD'),
('W2A', '1G18 (C0) 32_HD', '11000.67', 'X', '14400', '3/4', '0.25', 'DVB-S2', 'HD'),
('W2A', '1L18 (D0) 32_SD', '11018.67', 'X', '14400', '3/4', '0.25', 'DVB-S2', 'SD'),
('W2A', '1L18 (D0) 32_HD', '11018.67', 'X', '14400', '3/4', '0.25', 'DVB-S2', 'HD'),
('W2A', '1A24 42_HD', '10967.67', 'X', '19200', '3/4', '0.25', 'DVB-S2', 'HD'),
('W2A', '1E24 42_HD', '10991.67', 'X', '19200', '3/4', '0.25', 'DVB-S2', 'HD'),
('W2A', '1K24 42_HD', '11015.67', 'X', '19200', '3/4', '0.25', 'DVB-S2', 'HD'),
('W2A', '1A36 60_HD', '10973.67', 'X', '27745.254', '3/4', '0.25', 'DVB-S2', 'HD'),
('W2A', '1G36 60_HD', '11009.67', 'X', '27745.254', '3/4', '0.25', 'DVB-S2', 'HD'),
('W2A', '3A6 11_SD', '11042.0', 'X', '4937.3', '3/4', '0.20', 'DVB-S2', 'SD'),
('W2A', '3B6 11_SD', '11048.0', 'X', '4937.3', '3/4', '0.20', 'DVB-S2', 'SD'),
('W2A', '3C6 11_SD', '11054.0', 'X', '4937.3', '3/4', '0.20', 'DVB-S2', 'SD'),
('W2A', '3D6 11_SD', '11060.0', 'X', '4937.3', '3/4', '0.20', 'DVB-S2', 'SD'),
('W2A', '3E6 11_SD', '11066.0', 'X', '4937.3', '3/4', '0.20', 'DVB-S2', 'SD'),
('W2A', '3F6 11_SD', '11072.0', 'X', '4937.3', '3/4', '0.20', 'DVB-S2', 'SD'),
('W2A', '3G6 11_SD', '11078.0', 'X', '4937.3', '3/4', '0.20', 'DVB-S2', 'SD'),
('W2A', '3H6 11_SD', '11084.0', 'X', '4937.3', '3/4', '0.20', 'DVB-S2', 'SD'),
('W2A', '3K6 11_SD', '11090.0', 'X', '4937.3', '3/4', '0.20', 'DVB-S2', 'SD'),
('W2A', '3L6 11_SD', '11096.0', 'X', '4937.3', '3/4', '0.20', 'DVB-S2', 'SD'),
('W2A', '3M6 11_SD', '11102.0', 'X', '4937.3', '3/4', '0.20', 'DVB-S2', 'SD'),
('W2A', '3N6 11_SD', '11108.0', 'X', '4937.3', '3/4', '0.20', 'DVB-S2', 'SD'),
('W2A', '3A9   16_SD', '11043.5', 'X', '7200', '3/4', '0.25', 'DVB-S2', 'SD'),
('W2A', '3B9 (J2) 16_SD', '11052.5', 'X', '7200', '3/4', '0.25', 'DVB-S2', 'SD'),
('W2A', '3D9 (K1) 16_SD', '11061.5', 'X', '7200', '3/4', '0.25', 'DVB-S2', 'SD'),
('W2A', '3E9 (K2) 16_SD', '11070.5', 'X', '7200', '3/4', '0.25', 'DVB-S2', 'SD'),
('W2A', '3G9  16_SD', '11079.5', 'X', '7200', '3/4', '0.25', 'DVB-S2', 'SD'),
('W2A', '3H9  16_SD', '11088.5', 'X', '7200', '3/4', '0.25', 'DVB-S2', 'SD'),
('W2A', '3L9  16_SD', '11097.5', 'X', '7200', '3/4', '0.25', 'DVB-S2', 'SD'),
('W2A', '3M9  16_SD', '11106.5', 'X', '7200', '3/4', '0.25', 'DVB-S2', 'SD'),
('W2A', '3A12 22_SD', '11045', 'X', '9875', '3/4', '0.20', 'DVB-S2', 'SD'),
('W2A', '3C12 22_SD', '11057', 'X', '9875', '3/4', '0.20', 'DVB-S2', 'SD'),
('W2A', '3E12 22_SD', '11069', 'X', '9875', '3/4', '0.20', 'DVB-S2', 'SD'),
('W2A', '3G12 22_SD', '11081', 'X', '9875', '3/4', '0.20', 'DVB-S2', 'SD'),
('W2A', '3K12 22_SD', '11093', 'X', '9875', '3/4', '0.20', 'DVB-S2', 'SD'),
('W2A', '3M12 22_SD', '11105', 'X', '9875', '3/4', '0.20', 'DVB-S2', 'SD'),
('W2A', '3A18  32_SD', '11048', 'X', '14400', '3/4', '0.25', 'DVB-S2', 'SD'),
('W2A', '3A18  32_HD', '11048', 'X', '14400', '3/4', '0.25', 'DVB-S2', 'HD'),
('W2A', '3D18 (K0) 32_SD', '11066', 'X', '14400', '3/4', '0.25', 'DVB-S2', 'SD'),
('W2A', '3D18 (K0) 32_HD', '11066', 'X', '14400', '3/4', '0.25', 'DVB-S2', 'HD'),
('W2A', '3G18 32_SD', '11084', 'X', '14400', '3/4', '0.25', 'DVB-S2', 'SD'),
('W2A', '3G18 32_HD', '11084', 'X', '14400', '3/4', '0.25', 'DVB-S2', 'HD'),
('W2A', '3L18 32_SD', '11102', 'X', '14400', '3/4', '0.25', 'DVB-S2', 'SD'),
('W2A', '3L18 32_HD', '11102', 'X', '14400', '3/4', '0.25', 'DVB-S2', 'HD'),
('W2A', '3A24 42_HD', '11051', 'X', '19200', '3/4', '0.25', 'DVB-S2', 'HD'),
('W2A', '3E24 42_HD', '11075', 'X', '19200', '3/4', '0.25', 'DVB-S2', 'HD'),
('W2A', '3K24 42_HD', '11099', 'X', '19200', '3/4', '0.25', 'DVB-S2', 'HD'),
('W2A', '3A36 60_HD', '11057', 'X', '27745.254', '3/4', '0.25', 'DVB-S2', 'HD'),
('W2A', '3G36 60_HD', '11093', 'X', '27745.254', '3/4', '0.25', 'DVB-S2', 'HD'),
('IS805', '25A36 65_MX', '4055', 'X', '30000', '3/4', '0.20', 'DVB-S2', 'SD'),
('IS805', '25A6 11_SD', '4050.5', 'X', '4937.3', '3/4', '0.20', 'DVB-S2', 'SD'),
('IS805', '25C6 11_SD', '4050.5', 'X', '4937.3', '3/4', '0.20', 'DVB-S2', 'SD'),
('IS805', '25C6 11_SD', '4059.5', 'X', '4937.3', '3/4', '0.20', 'DVB-S2', 'SD'),
('IS805', '25D6 11_SD', '4059.5', 'X', '4937.3', '3/4', '0.20', 'DVB-S2', 'SD'),
('IS805', '25E6 11_SD', '4059.5', 'X', '4937.3', '3/4', '0.20', 'DVB-S2', 'SD'),
('IS805', '25F6 11_SD', '4068.5', 'X', '4937.3', '3/4', '0.20', 'DVB-S2', 'SD'),
('IS805', '25A9 16_SD', '4068.5', 'X', '7200', '3/4', '0.25', 'DVB-S2', 'SD'),
('IS805', '25B9 16_SD', '4068.5', 'X', '7200', '3/4', '0.25', 'DVB-S2', 'SD'),
('IS805', '25D9 16_SD', '4043', 'X', '7200', '3/4', '0.25', 'DVB-S2', 'SD'),
('IS805', '25E9 16_SD', '4055', 'X', '7200', '3/4', '0.25', 'DVB-S2', 'SD'),
('IS805', '25A12 22_SD', '4067', 'X', '9875', '3/4', '0.20', 'DVB-S2', 'SD'),
('IS805', '25C12 22_SD', '4046', 'X', '9875', '3/4', '0.20', 'DVB-S2', 'SD'),
('IS805', '25E12 22_SD', '4046', 'X', '9875', '3/4', '0.20', 'DVB-S2', 'SD'),
('IS805', '25A18 32_SD', '4046', 'X', '14400', '3/4', '0.25', 'DVB-S2', 'SD'),
('IS805', '25A18 32_HD', '4064', 'X', '14400', '3/4', '0.25', 'DVB-S2', 'HD'),
('IS805', '25D18 32_SD', '4064', 'X', '14400', '3/4', '0.25', 'DVB-S2', 'SD'),
('IS805', '25D18 32_HD', '4064', 'X', '14400', '3/4', '0.25', 'DVB-S2', 'HD'),
('IS805', '25A24 42_HD', '4049', 'X', '19200', '3/4', '0.25', 'DVB-S2', 'HD'),
('IS805', '25A36 60_HD', '4055', 'X', '27745.254', '3/4', '0.25', 'DVB-S2', 'HD'),
('AS', '2A36 (AB36) 65_MX', '3700', 'Y', '30000', '3/4', '0.20', 'DVB-S2', 'SD'),
('AS', '2A6 11_SD', '3685', 'Y', '4937.3', '3/4', '0.20', 'DVB-S2', 'SD'),
('AS', '2B6 11_SD', '3691', 'Y', '4937.3', '3/4', '0.20', 'DVB-S2', 'SD'),
('AS', '2C6 11_SD', '3697', 'Y', '4937.3', '3/4', '0.20', 'DVB-S2', 'SD'),
('AS', '2D6 11_SD', '3703', 'Y', '4937.3', '3/4', '0.20', 'DVB-S2', 'SD'),
('AS', '2E6 11_SD', '3709', 'Y', '4937.3', '3/4', '0.20', 'DVB-S2', 'SD'),
('AS', '2F6 11_SD', '3715', 'Y', '4937.3', '3/4', '0.20', 'DVB-S2', 'SD'),
('AS', '2A9 (A1) 16_SD', '3686.5', 'Y', '7200', '3/4', '0.25', 'DVB-S2', 'SD'),
('AS', '2B9 (A2) 16_SD', '3695.5', 'Y', '7200', '3/4', '0.25', 'DVB-S2', 'SD'),
('AS', '2D9 (B1) 16_SD', '3704.5', 'Y', '7200', '3/4', '0.25', 'DVB-S2', 'SD'),
('AS', '2E9 (B2) 16_SD', '3713.5', 'Y', '7200', '3/4', '0.25', 'DVB-S2', 'SD'),
('AS', '2A12 22_SD', '3688', 'Y', '9875', '3/4', '0.20', 'DVB-S2', 'SD'),
('AS', '2C12 22_SD', '3700', 'Y', '9875', '3/4', '0.20', 'DVB-S2', 'SD'),
('AS', '2E12 22_SD', '3712', 'Y', '9875', '3/4', '0.20', 'DVB-S2', 'SD'),
('AS', '2A18 (A0) 32_SD', '3691', 'Y', '14400', '3/4', '0.25', 'DVB-S2', 'SD'),
('AS', '2A18 (A0) 32_HD', '3691', 'Y', '14400', '3/4', '0.25', 'DVB-S2', 'HD'),
('AS', '2D18 (B0) 32_SD', '3709', 'Y', '14400', '3/4', '0.25', 'DVB-S2', 'SD'),
('AS', '2D18 (B0) 32_HD', '3709', 'Y', '14400', '3/4', '0.25', 'DVB-S2', 'HD'),
('AS', '2C24 42_HD', '3706', 'Y', '19200', '3/4', '0.25', 'DVB-S2', 'HD'),
('AS', '2A36 (AB36) 60_HD', '3700', 'Y', '27745.254', '3/4', '0.25', 'DVB-S2', 'HD'),
('AS', '11A6 11_SD', '4048', 'Y', '4937.3', '3/4', '0.20', 'DVB-S2', 'SD'),
('AS', '11B6 11_SD', '4056', 'Y', '4937.3', '3/4', '0.20', 'DVB-S2', 'SD'),
('AS', '11C6 11_SD', '4064', 'Y', '4937.3', '3/4', '0.20', 'DVB-S2', 'SD'),
('AS', '11D6 11_SD', '4072', 'Y', '4937.3', '3/4', '0.20', 'DVB-S2', 'SD'),
('AS', '11E6 11_SD', '4080', 'Y', '4937.3', '3/4', '0.20', 'DVB-S2', 'SD'),
('AS', '11F6 11_SD', '4088', 'Y', '4937.3', '3/4', '0.20', 'DVB-S2', 'SD'),
('AS', '11G6 11_SD', '4096', 'Y', '4937.3', '3/4', '0.20', 'DVB-S2', 'SD'),
('AS', '11H6 11_SD', '4104', 'Y', '4937.3', '3/4', '0.20', 'DVB-S2', 'SD'),
('AS', '11K6 11_SD', '4112', 'Y', '4937.3', '3/4', '0.20', 'DVB-S2', 'SD'),
('AS', '11A9  (E1) 16_SD', '4049.5', 'Y', '7200', '3/4', '0.25', 'DVB-S2', 'SD'),
('AS', '11B9  (E2) 16_SD', '4060.5', 'Y', '7200', '3/4', '0.25', 'DVB-S2', 'SD'),
('AS', '11D9  (F1) 16_SD', '4071.5', 'Y', '7200', '3/4', '0.25', 'DVB-S2', 'SD'),
('AS', '11E9  (F2) 16_SD', '4082.5', 'Y', '7200', '3/4', '0.25', 'DVB-S2', 'SD'),
('AS', '11G9  (G1) 16_SD', '4093.5', 'Y', '7200', '3/4', '0.25', 'DVB-S2', 'SD'),
('AS', '11H9  (G2) 16_SD', '4104.5', 'Y', '7200', '3/4', '0.25', 'DVB-S2', 'SD'),
('AS', '11A12 22_SD', '4052', 'Y', '9875', '3/4', '0.20', 'DVB-S2', 'SD'),
('AS', '11C12 22_SD', '4068', 'Y', '9875', '3/4', '0.20', 'DVB-S2', 'SD'),
('AS', '11E12 22_SD', '4084', 'Y', '9875', '3/4', '0.20', 'DVB-S2', 'SD'),
('AS', '11G12 22_SD', '4100', 'Y', '9875', '3/4', '0.20', 'DVB-S2', 'SD'),
('AS', '11A18 (E0) 32_SD', '4055', 'Y', '14400', '3/4', '0.25', 'DVB-S2', 'SD'),
('AS', '11A18 (E0) 32_HD', '4055', 'Y', '14400', '3/4', '0.25', 'DVB-S2', 'HD'),
('AS', '11D18 (F0) 32_SD', '4077', 'Y', '14400', '3/4', '0.25', 'DVB-S2', 'SD'),
('AS', '11D18 (F0) 32_HD', '4077', 'Y', '14400', '3/4', '0.25', 'DVB-S2', 'HD'),
('AS', '11G18 (G0) 32_SD', '4099', 'Y', '14400', '3/4', '0.25', 'DVB-S2', 'SD'),
('AS', '11G18 (G0) 32_HD', '4099', 'Y', '14400', '3/4', '0.25', 'DVB-S2', 'HD'),
('AS', '11A24      42_HD', '4060', 'Y', '19200', '3/4', '0.25', 'DVB-S2', 'HD'),
('AS', '11E24      42_HD', '4092', 'Y', '19200', '3/4', '0.25', 'DVB-S2', 'HD'),
('AS', '11A36      60_HD', '4080', 'Y', '27745.254', '3/4', '0.25', 'DVB-S2', 'HD'),
('W2A', '5A36 65_MX', '11304.17', 'Y', '30000', '3/4', '0.20', 'DVB-S2', 'SD'),
('W2A', '5A6 11_SD', '11289.17', 'Y', '4937.3', '3/4', '0.20', 'DVB-S2', 'SD'),
('W2A', '5B6 11_SD', '11295.17', 'Y', '4937.3', '3/4', '0.20', 'DVB-S2', 'SD'),
('W2A', '5C6 11_SD', '11301.17', 'Y', '4937.3', '3/4', '0.20', 'DVB-S2', 'SD'),
('W2A', '5D6 11_SD', '11307.17', 'Y', '4937.3', '3/4', '0.20', 'DVB-S2', 'SD'),
('W2A', '5E6 11_SD', '11313.17', 'Y', '4937.3', '3/4', '0.20', 'DVB-S2', 'SD'),
('W2A', '5F6 11_SD', '11319.17', 'Y', '4937.3', '3/4', '0.20', 'DVB-S2', 'SD'),
('W2A', '5A9 11_SD', '11290.67', 'Y', '4937.3', '3/4', '0.20', 'DVB-S2', 'SD'),
('W2A', '5B9 11_SD', '11299.67', 'Y', '4937.3', '3/4', '0.20', 'DVB-S2', 'SD'),
('W2A', '5D9 11_SD', '11308.67', 'Y', '4937.3', '3/4', '0.20', 'DVB-S2', 'SD'),
('W2A', '5E9 11_SD', '11317.67', 'Y', '4937.3', '3/4', '0.20', 'DVB-S2', 'SD'),
('W2A', '5A9 16_SD', '11290.67', 'Y', '7200', '3/4', '0.25', 'DVB-S2', 'SD'),
('W2A', '5B9 16_SD', '11299.67', 'Y', '7200', '3/4', '0.25', 'DVB-S2', 'SD'),
('W2A', '5D9 16_SD', '11308.67', 'Y', '7200', '3/4', '0.25', 'DVB-S2', 'SD'),
('W2A', '5E9 16_SD', '11317.67', 'Y', '7200', '3/4', '0.25', 'DVB-S2', 'SD'),
('W2A', '5A12 22_SD', '11292.17', 'Y', '9875', '3/4', '0.20', 'DVB-S2', 'SD'),
('W2A', '5C12 22_SD', '11304.17', 'Y', '9875', '3/4', '0.20', 'DVB-S2', 'SD'),
('W2A', '5E12 22_SD', '11316.17', 'Y', '9875', '3/4', '0.20', 'DVB-S2', 'SD'),
('W2A', '5A18 22_SD', '11295.17', 'Y', '9875', '3/4', '0.20', 'DVB-S2', 'SD'),
('W2A', '5D18 22_SD', '11313.17', 'Y', '9875', '3/4', '0.20', 'DVB-S2', 'SD'),
('W2A', '5A18 32_HD', '11295.17', 'Y', '14400', '3/4', '0.25', 'DVB-S2', 'HD'),
('W2A', '5D18 32_HD', '11313.17', 'Y', '14400', '3/4', '0.25', 'DVB-S2', 'HD'),
('W2A', '5A18 32_SD', '11295.17', 'Y', '14400', '3/4', '0.25', 'DVB-S2', 'SD'),
('W2A', '5D18 32_SD', '11313.17', 'Y', '14400', '3/4', '0.25', 'DVB-S2', 'SD');
INSERT INTO `channel_def` (`sat`, `channel`, `frequency`, `pol`, `symbolrate`, `fec`, `rolloff`, `modulationtype`, `sd_hd`) VALUES
('W2A', '5C24 42_HD', '11310.17', 'Y', '19200', '3/4', '0.25', 'DVB-S2', 'HD'),
('W2A', '5A36 60_HD', '11304.17', 'Y', '27745.254', '3/4', '0.25', 'DVB-S2', 'HD'),
('W2A', 'C5G36 65_MX', '3856.0', 'Y', '30000', '3/4', '0.20', 'DVB-S2', 'SD'),
('W2A', 'C5G6 11_SD', '3841.0', 'Y', '4937.3', '3/4', '0.20', 'DVB-S2', 'SD'),
('W2A', 'C5H6 11_SD', '3847.0', 'Y', '4937.3', '3/4', '0.20', 'DVB-S2', 'SD'),
('W2A', 'C5K6 11_SD', '3853.0', 'Y', '4937.3', '3/4', '0.20', 'DVB-S2', 'SD'),
('W2A', 'C5L6 11_SD', '3859.0', 'Y', '4937.3', '3/4', '0.20', 'DVB-S2', 'SD'),
('W2A', 'C5M6 11_SD', '3865.0', 'Y', '4937.3', '3/4', '0.20', 'DVB-S2', 'SD'),
('W2A', 'C5N6 11_SD', '3871.0', 'Y', '4937.3', '3/4', '0.20', 'DVB-S2', 'SD'),
('W2A', 'C5G9 16_SD', '3842.5', 'Y', '7200', '3/4', '0.25', 'DVB-S2', 'SD'),
('W2A', 'C5H9 16_SD', '3851.5', 'Y', '7200', '3/4', '0.25', 'DVB-S2', 'SD'),
('W2A', 'C5L9 16_SD', '3860.5', 'Y', '7200', '3/4', '0.25', 'DVB-S2', 'SD'),
('W2A', 'C5M9 16_SD', '3869.5', 'Y', '7200', '3/4', '0.25', 'DVB-S2', 'SD'),
('W2A', 'C5G12 22_SD', '3844.0', 'Y', '9875', '3/4', '0.20', 'DVB-S2', 'SD'),
('W2A', 'C5K12 22_SD', '3856.0', 'Y', '9875', '3/4', '0.20', 'DVB-S2', 'SD'),
('W2A', 'C5M12 22_SD', '3868.0', 'Y', '9875', '3/4', '0.20', 'DVB-S2', 'SD'),
('W2A', 'C5G18 32_SD', '3847.0', 'Y', '14400', '3/4', '0.25', 'DVB-S2', 'SD'),
('W2A', 'C5G18 32_HD', '3847.0', 'Y', '14400', '3/4', '0.25', 'DVB-S2', 'HD'),
('W2A', 'C5L18 32_SD', '3865.0', 'Y', '14400', '3/4', '0.25', 'DVB-S2', 'SD'),
('W2A', 'C5L18 32_HD', '3865.0', 'Y', '14400', '3/4', '0.25', 'DVB-S2', 'HD'),
('W2A', 'C5K24 42_HD', '3862.0', 'Y', '19200', '3/4', '0.25', 'DVB-S2', 'HD'),
('W2A', 'C5G36 60_HD', '3856.0', 'Y', '27745.254', '3/4', '0.25', 'DVB-S2', 'HD'),
('NS806', '26A36 65_MX', '4095', 'X', '30000', '3/4', '0.20', 'DVB-S2', 'SD'),
('NS806', '26A6 11_SD', '4080', 'X', '4937.3', '3/4', '0.20', 'DVB-S2', 'SD'),
('NS806', '26C6 11_SD', '4092', 'X', '4937.3', '3/4', '0.20', 'DVB-S2', 'SD'),
('NS806', '26C6 11_SD', '4092', 'X', '4937.3', '3/4', '0.20', 'DVB-S2', 'SD'),
('NS806', '26D6 11_SD', '4098', 'X', '4937.3', '3/4', '0.20', 'DVB-S2', 'SD'),
('NS806', '26E6 11_SD', '4104', 'X', '4937.3', '3/4', '0.20', 'DVB-S2', 'SD'),
('NS806', '26F6 11_SD', '4110', 'X', '4937.3', '3/4', '0.20', 'DVB-S2', 'SD'),
('NS806', '26A9 16_SD', '4081.5', 'X', '7200', '3/4', '0.25', 'DVB-S2', 'SD'),
('NS806', '26B9 16_SD', '4090.5', 'X', '7200', '3/4', '0.25', 'DVB-S2', 'SD'),
('NS806', '26D9 16_SD', '4099.5', 'X', '7200', '3/4', '0.25', 'DVB-S2', 'SD'),
('NS806', '26E9 16_SD', '4108.5', 'X', '7200', '3/4', '0.25', 'DVB-S2', 'SD'),
('NS806', '26A12 22_SD', '4083', 'X', '9875', '3/4', '0.20', 'DVB-S2', 'SD'),
('NS806', '26C12 22_SD', '4095', 'X', '9875', '3/4', '0.20', 'DVB-S2', 'SD'),
('NS806', '26E12 22_SD', '4107', 'X', '9875', '3/4', '0.20', 'DVB-S2', 'SD'),
('NS806', '26A18 32_SD', '4086', 'X', '14400', '3/4', '0.25', 'DVB-S2', 'SD'),
('NS806', '26A18 32_HD', '4086', 'X', '14400', '3/4', '0.25', 'DVB-S2', 'HD'),
('NS806', '26D18 32_SD', '4104', 'X', '14400', '3/4', '0.25', 'DVB-S2', 'SD'),
('NS806', '26D18 32_HD', '4104', 'X', '14400', '3/4', '0.25', 'DVB-S2', 'HD'),
('NS806', '26A24 42_HD', '4089', 'X', '19200', '3/4', '0.25', 'DVB-S2', 'HD'),
('NS806', '26A36 60_HD', '4095', 'X', '27745.254', '3/4', '0.25', 'DVB-S2', 'HD');

-- --------------------------------------------------------

--
-- Table structure for table `equipment`
--

CREATE TABLE IF NOT EXISTS `equipment` (
  `id` int(11) NOT NULL auto_increment,
  `model_id` int(11) NOT NULL default '1',
  `ip` varchar(15) NOT NULL default '',
  `name` varchar(128) NOT NULL default '',
  `network` varchar(128) NOT NULL default '',
  `matrixname` varchar(128) NOT NULL default '',
  `labeladdr` varchar(5) NOT NULL default '',
  `kaleidoaddr` varchar(15) NOT NULL default '',
  `kid` int(11) NOT NULL,
  `labeladdr2` varchar(5) NOT NULL,
  `labelnamestatic` varchar(128) NOT NULL,
  `satellite` varchar(8) NOT NULL,
  PRIMARY KEY  (`id`)
) ENGINE=MyISAM  DEFAULT CHARSET=latin1 AUTO_INCREMENT=141 ;

--
-- Dumping data for table `equipment`
--

INSERT INTO `equipment` (`id`, `model_id`, `ip`, `name`, `network`, `matrixname`, `labeladdr`, `kaleidoaddr`, `kid`, `labeladdr2`, `labelnamestatic`, `satellite`) VALUES
(1, 3, '10.73.238.1', 'ird01', 'satellite', '', '1', '10.73.196.121', 1, '2', 'A B1 W3', 'W3A'),
(2, 1, '10.73.238.2', 'ird02', 'satellite', '', '3', '10.73.196.121', 2, '4', 'B B1 W3', 'W3A'),
(3, 3, '10.73.238.3', 'ird03', 'satellite', '', '5', '10.73.196.121', 3, '6', 'C B1 W3', 'W3A'),
(4, 3, '10.73.238.4', 'ird04', 'satellite', '', '7', '10.73.196.121', 4, '8', 'D B1 W3', 'W3A'),
(5, 3, '10.73.238.5', 'ird05', 'satellite', '', '9', '10.73.196.121', 5, '10', 'E B1 W3', 'W3A'),
(6, 1, '10.73.238.6', 'ird06', 'satellite', '', '11', '10.73.196.121', 6, '12', 'F B1 W3', 'W3A'),
(7, 3, '10.73.238.7', 'ird07', 'satellite', '', '13', '10.73.196.121', 7, '14', 'G B1 W3', 'W3A'),
(8, 1, '10.73.238.8', 'ird08', 'satellite', '', '15', '10.73.196.121', 8, '16', 'H B1 W3', 'W3A'),
(9, 3, '10.73.238.9', 'ird09', 'satellite', '', '17', '10.73.196.121', 9, '18', 'K B1 W3', 'W3A'),
(10, 3, '10.73.238.10', 'ird10', 'satellite', '', '19', '10.73.196.121', 10, '20', 'L B1 W3', 'W3A'),
(11, 3, '10.73.238.11', 'ird11', 'satellite', '', '21', '10.73.196.121', 11, '22', 'M B1 W3', 'W3A'),
(12, 1, '10.73.238.12', 'ird12', 'satellite', '', '23', '10.73.196.121', 12, '24', 'N B1 W3', 'W3A'),
(13, 3, '10.73.238.13', 'ird13', 'satellite', '', '25', '10.73.196.121', 13, '26', 'A B2 W3', 'W3A'),
(14, 1, '10.73.238.14', 'ird14', 'satellite', '', '27', '10.73.196.121', 14, '28', 'B  B2 W3', 'W3A'),
(15, 3, '10.73.238.15', 'ird15', 'satellite', '', '29', '10.73.196.121', 15, '30', 'C B2 W3', 'W3A'),
(16, 1, '10.73.238.16', 'ird16', 'satellite', '', '31', '10.73.196.121', 16, '32', 'D B2 W3', 'W3A'),
(17, 3, '10.73.238.17', 'ird17', 'satellite', '', '33', '10.73.196.121', 17, '34', 'E B2 W3', 'W3A'),
(18, 1, '10.73.238.18', 'ird18', 'satellite', '', '35', '10.73.196.121', 18, '36', 'F B2 W3', 'W3A'),
(19, 3, '10.73.238.19', 'ird19', 'satellite', '', '37', '10.73.196.121', 19, '38', 'G B2 W3', 'W3A'),
(20, 1, '10.73.238.20', 'ird20', 'satellite', '', '39', '10.73.196.121', 20, '40', 'H B2 W3', 'W3A'),
(21, 3, '10.73.238.21', 'ird21', 'satellite', '', '41', '10.73.196.121', 21, '42', 'K B2 W3', 'W3A'),
(22, 3, '10.73.238.22', 'ird22', 'satellite', '', '43', '10.73.196.121', 22, '44', 'L (H1) B2 W3', 'W3A'),
(23, 3, '10.73.238.23', 'ird23', 'satellite', '', '45', '10.73.196.121', 23, '46', 'M B2 W3', 'W3A'),
(24, 1, '10.73.238.24', 'ird24', 'satellite', '', '47', '10.73.196.121', 24, '48', 'N B2 W3', 'W3A'),
(25, 3, '10.73.238.25', 'ird25', 'satellite', '', '49', '10.73.196.121', 25, '50', 'A B3 W3', 'W3A'),
(26, 1, '10.73.238.26', 'ird26', 'satellite', '', '51', '10.73.196.121', 26, '52', 'B (J2) B3 W3', 'W3A'),
(27, 3, '10.73.238.27', 'ird27', 'satellite', '', '53', '10.73.196.121', 27, '54', 'C B3 W3', 'W3A'),
(28, 3, '10.73.238.28', 'ird28', 'satellite', '', '55', '10.73.196.121', 28, '56', 'D B3 W3', 'W3A'),
(29, 3, '10.73.238.29', 'ird29', 'satellite', '', '57', '10.73.196.121', 29, '58', 'E B3 W3', 'W3A'),
(30, 1, '10.73.238.30', 'ird30', 'satellite', '', '59', '10.73.196.121', 30, '60', 'F B3 W3', 'W3A'),
(31, 3, '10.73.238.31', 'ird31', 'satellite', '', '61', '10.73.196.121', 31, '62', 'G B3 W3', 'W3A'),
(32, 1, '10.73.238.32', 'ird32', 'satellite', '', '63', '10.73.196.121', 32, '64', 'H B3 W3', 'W3A'),
(33, 3, '10.73.238.33', 'ird33', 'satellite', '', '65', '10.73.196.121', 33, '66', 'K B3 W3', 'W3A'),
(34, 3, '10.73.238.34', 'ird34', 'satellite', '', '67', '10.73.196.121', 34, '68', 'L B3 W3', 'W3A'),
(35, 3, '10.73.238.35', 'ird35', 'satellite', '', '69', '10.73.196.121', 35, '70', 'M B3 W3', 'W3A'),
(36, 1, '10.73.238.36', 'ird36', 'satellite', '', '71', '10.73.196.121', 36, '72', 'N B3 W3', 'W3A'),
(37, 3, '10.73.238.37', 'ird37', 'satellite', '', '73', '10.73.196.121', 37, '74', 'A B4 W3', 'W3A'),
(38, 1, '10.73.238.38', 'ird38', 'satellite', '', '75', '10.73.196.121', 38, '76', 'B B4 W3', 'W3A'),
(39, 3, '10.73.238.39', 'ird39', 'satellite', '', '77', '10.73.196.121', 39, '78', 'C B4 W3', 'W3A'),
(40, 3, '10.73.238.40', 'ird40', 'satellite', '', '79', '10.73.196.121', 40, '80', 'D B4 W3', 'W3A'),
(41, 3, '10.73.238.41', 'ird41', 'satellite', '', '81', '10.73.196.121', 41, '82', 'E B4 W3', 'W3A'),
(42, 1, '10.73.238.42', 'ird42', 'satellite', '', '83', '10.73.196.121', 42, '84', 'F B4 W3', 'W3A'),
(43, 3, '10.73.238.43', 'ird43', 'satellite', '', '85', '10.73.196.121', 43, '86', 'G B4 W3', 'W3A'),
(44, 1, '10.73.238.44', 'ird44', 'satellite', '', '87', '10.73.196.121', 44, '88', 'H B4 W3', 'W3A'),
(45, 3, '10.73.238.45', 'ird45', 'satellite', '', '89', '10.73.196.121', 45, '90', 'K B4 W3', 'W3A'),
(46, 3, '10.73.238.46', 'ird46', 'satellite', '', '91', '10.73.196.121', 46, '92', 'L B4 W3', 'W3A'),
(47, 3, '10.73.238.47', 'ird47', 'satellite', '', '93', '10.73.196.121', 47, '94', 'M B4 W3', 'W3A'),
(48, 1, '10.73.238.48', 'ird48', 'satellite', '', '95', '10.73.196.121', 48, '96', 'N B4 W3', 'W3A'),
(49, 3, '10.73.238.49', 'ird49', 'satellite', '', '97', '10.73.196.121', 49, '98', 'A B1 W2', 'W2A'),
(50, 1, '10.73.238.50', 'ird50', 'satellite', '', '99', '10.73.196.121', 50, '100', 'B B1 W2', 'W2A'),
(51, 3, '10.73.238.51', 'ird51', 'satellite', '', '101', '10.73.196.121', 51, '102', 'C B1 W2', 'W2A'),
(52, 3, '10.73.238.52', 'ird52', 'satellite', '', '103', '10.73.196.121', 52, '104', 'D B1 W2', 'W2A'),
(53, 3, '10.73.238.53', 'ird53', 'satellite', '', '105', '10.73.196.121', 53, '106', 'E B1 W2', 'W2A'),
(54, 1, '10.73.238.54', 'ird54', 'satellite', '', '107', '10.73.196.121', 54, '108', 'F B1 W2', 'W2A'),
(55, 3, '10.73.238.55', 'ird55', 'satellite', '', '109', '10.73.196.121', 55, '110', 'G B1 W2', 'W2A'),
(56, 1, '10.73.238.56', 'ird56', 'satellite', '', '111', '10.73.196.121', 56, '112', 'H B1 W2', 'W2A'),
(57, 3, '10.73.238.57', 'ird57', 'satellite', '', '113', '10.73.196.121', 57, '114', 'K B1 W2', 'W2A'),
(58, 3, '10.73.238.58', 'ird58', 'satellite', '', '115', '10.73.196.121', 58, '116', 'L B1 W2', 'W2A'),
(59, 3, '10.73.238.59', 'ird59', 'satellite', '', '117', '10.73.196.121', 59, '118', 'M B1 W2', 'W2A'),
(60, 1, '10.73.238.60', 'ird60', 'satellite', '', '119', '10.73.196.121', 60, '120', 'N B1 W2', 'W2A'),
(61, 3, '10.73.238.61', 'ird61', 'satellite', '', '121', '10.73.196.121', 61, '122', 'A B3 W2', 'W2A'),
(62, 1, '10.73.238.62', 'ird62', 'satellite', '', '123', '10.73.196.121', 62, '124', 'B B3 W2', 'W2A'),
(63, 3, '10.73.238.63', 'ird63', 'satellite', '', '125', '10.73.196.121', 63, '126', 'C B3 W2', 'W2A'),
(64, 3, '10.73.238.64', 'ird64', 'satellite', '', '127', '10.73.196.121', 64, '128', 'D B3 W2', 'W2A'),
(65, 3, '10.73.238.65', 'ird65', 'satellite', '', '129', '10.73.196.121', 65, '130', 'E B3 W2', 'W2A'),
(66, 1, '10.73.238.66', 'ird66', 'satellite', '', '131', '10.73.196.121', 66, '132', 'F B3 W2', 'W2A'),
(67, 3, '10.73.238.67', 'ird67', 'satellite', '', '133', '10.73.196.121', 67, '134', 'G B3 W2', 'W2A'),
(68, 1, '10.73.238.68', 'ird68', 'satellite', '', '135', '10.73.196.121', 68, '136', 'H B3 W2', 'W2A'),
(69, 3, '10.73.238.69', 'ird69', 'satellite', '', '137', '10.73.196.121', 69, '138', 'K B3 W2', 'W2A'),
(70, 3, '10.73.238.70', 'ird70', 'satellite', '', '139', '10.73.196.121', 70, '140', 'L B3 W2', 'W2A'),
(71, 3, '10.73.238.71', 'ird71', 'satellite', '', '141', '10.73.196.121', 71, '142', 'M B3 W2', 'W2A'),
(72, 1, '10.73.238.72', 'ird72', 'satellite', '', '143', '10.73.196.121', 72, '144', 'N B3 W2', 'W2A'),
(73, 3, '10.73.238.73', 'ird73', 'satellite', '', '1', '10.73.196.131', 1, '2', 'RX1', ''),
(74, 3, '10.73.238.74', 'ird74', 'satellite', '', '3', '10.73.196.131', 2, '4', 'RX2', ''),
(75, 3, '10.73.238.75', 'ird75', 'satellite', '', '5', '10.73.196.131', 3, '6', 'RX3', ''),
(76, 3, '10.73.238.76', 'ird76', 'satellite', '', '7', '10.73.196.131', 4, '8', 'RX4', ''),
(77, 3, '10.73.238.77', 'ird77', 'satellite', '', '9', '10.73.196.131', 5, '10', 'RX5', ''),
(78, 3, '10.73.238.78', 'ird78', 'satellite', '', '11', '10.73.196.131', 6, '12', 'RX6', ''),
(79, 3, '10.73.238.79', 'ird79', 'satellite', '', '13', '10.73.196.131', 7, '14', 'RX7', ''),
(80, 3, '10.73.238.80', 'ird80', 'satellite', '', '15', '10.73.196.131', 8, '16', 'RX8', ''),
(81, 3, '10.73.238.81', 'ird81', 'satellite', '', '17', '10.73.196.131', 9, '18', 'RX9', ''),
(82, 3, '10.73.238.82', 'ird82', 'satellite', '', '19', '10.73.196.131', 10, '20', 'RX10', ''),
(83, 3, '10.73.238.83', 'ird83', 'satellite', '', '21', '10.73.196.131', 11, '22', 'RX11', ''),
(84, 3, '10.73.238.84', 'ird84', 'satellite', '', '23', '10.73.196.131', 12, '24', 'RX12', ''),
(85, 3, '10.73.238.85', 'ird85', 'satellite', '', '25', '10.73.196.131', 13, '26', 'RX13', ''),
(86, 3, '10.73.238.86', 'ird86', 'satellite', '', '27', '10.73.196.131', 14, '28', 'RX14', ''),
(87, 3, '10.73.238.87', 'ird87', 'satellite', '', '29', '10.73.196.131', 15, '30', 'RX15', ''),
(88, 3, '10.73.238.88', 'ird88', 'satellite', '', '31', '10.73.196.131', 16, '32', 'RX16', ''),
(89, 3, '10.73.238.89', 'ird89', 'satellite', '', '33', '10.73.196.131', 17, '34', 'RX17', ''),
(90, 3, '10.73.238.90', 'ird90', 'satellite', '', '35', '10.73.196.131', 18, '36', 'RX18', ''),
(91, 3, '10.73.238.91', 'ird91', 'satellite', '', '37', '10.73.196.131', 19, '38', 'RX19', ''),
(92, 3, '10.73.238.92', 'ird92', 'satellite', '', '39', '10.73.196.131', 20, '40', 'RX20', ''),
(93, 3, '10.73.238.93', 'ird93', 'satellite', '', '41', '10.73.196.131', 21, '42', 'RX21', ''),
(94, 3, '10.73.238.94', 'ird94', 'satellite', '', '43', '10.73.196.131', 22, '44', 'RX22', ''),
(95, 3, '10.73.238.95', 'ird95', 'satellite', '', '45', '10.73.196.131', 23, '46', 'RX23', ''),
(96, 3, '10.73.238.96', 'ird96', 'satellite', '', '47', '10.73.196.131', 24, '48', 'RX24', ''),
(97, 3, '10.73.238.97', 'ird97', 'satellite', '', '49', '10.73.196.131', 25, '50', 'S1 C5 W2', 'W2A'),
(98, 1, '10.73.238.98', 'ird98', 'satellite', '', '51', '10.73.196.131', 26, '52', 'S2 C5 W2', 'W2A'),
(99, 1, '10.73.238.99', 'ird99', 'satellite', '', '53', '10.73.196.131', 27, '54', 'S3 C5 W2', 'W2A'),
(100, 1, '10.73.238.100', 'ird100', 'satellite', '', '55', '10.73.196.131', 28, '56', 'S4 C5 W2', 'W2A'),
(101, 1, '10.73.238.101', 'ird101', 'satellite', '', '57', '10.73.196.131', 29, '58', 'S5 C5 W2', 'W2A'),
(102, 1, '10.73.238.102', 'ird102', 'satellite', '', '59', '10.73.196.131', 30, '60', 'S6 C5 W2', 'W2A'),
(103, 3, '10.73.238.103', 'ird103', 'satellite', '', '61', '10.73.196.131', 31, '62', 'S7 C5 W2', 'W2A'),
(104, 1, '10.73.238.104', 'ird104', 'satellite', '', '63', '10.73.196.131', 32, '64', 'S8 C5 W2', 'W2A'),
(105, 3, '10.73.238.105', 'ird105', 'satellite', '', '65', '10.73.196.131', 33, '66', 'A NSS806/26', 'NSS806'),
(106, 1, '10.73.238.106', 'ird106', 'satellite', '', '67', '10.73.196.131', 34, '68', 'B NSS806/26', 'NSS806'),
(107, 1, '10.73.238.107', 'ird107', 'satellite', '', '69', '10.73.196.131', 35, '70', 'C NSS806/26', 'NSS806'),
(108, 3, '10.73.238.108', 'ird108', 'satellite', '', '71', '10.73.196.131', 36, '72', 'D NSS806/26', 'NSS806'),
(109, 1, '10.73.238.109', 'ird109', 'satellite', '', '73', '10.73.196.131', 37, '74', 'E NSS806/26', 'NSS806'),
(110, 1, '10.73.238.110', 'ird110', 'satellite', '', '75', '10.73.196.131', 38, '76', 'F NSS806/26', 'NSS806'),
(111, 3, '10.73.238.111', 'ird111', 'satellite', '', '77', '10.73.196.131', 39, '78', 'A NSS806/28', 'NSS806'),
(112, 3, '10.73.238.112', 'ird112', 'satellite', '', '79', '10.73.196.131', 40, '80', 'S1 C10 W3', 'W3A'),
(113, 1, '10.73.238.113', 'ird113', 'satellite', '', '81', '10.73.196.131', 41, '82', 'S2 C10 W3', 'W3A'),
(114, 1, '10.73.238.114', 'ird114', 'satellite', '', '83', '10.73.196.131', 42, '84', 'S3 C10 W3', 'W3A'),
(115, 3, '10.73.238.115', 'ird115', 'satellite', '', '85', '10.73.196.131', 43, '86', 'S4 C10 W3', 'W3A'),
(116, 1, '10.73.238.116', 'ird116', 'satellite', '', '87', '10.73.196.131', 44, '88', 'S5 C10 W3', 'W3A'),
(117, 1, '10.73.238.117', 'ird117', 'satellite', '', '89', '10.73.196.131', 45, '90', 'S6 C10 W3', 'W3A'),
(118, 3, '10.73.238.118', 'ird118', 'satellite', '', '91', '10.73.196.131', 46, '92', 'S7 C10 W3', 'W3A'),
(119, 1, '10.73.238.119', 'ird119', 'satellite', '', '93', '10.73.196.131', 47, '94', 'S8 C10 W3', 'W3A'),
(120, 1, '10.75.6.51', 'Fo01GNVA', 'Fibre', '', '95', '10.73.196.131', 48, '96', 'Fo01', ''),
(121, 1, '10.75.6.52', 'Fo02GNVA', 'Fibre', '', '97', '10.73.196.131', 49, '98', 'Fo02', ''),
(122, 1, '10.75.6.53', 'Fo03GNVA', 'Fibre', '', '99', '10.73.196.131', 50, '100', 'Fo03', ''),
(123, 1, '10.75.6.54', 'Fo04GNVA', 'Fibre', '', '101', '10.73.196.131', 51, '102', 'Fo04', ''),
(124, 1, '10.75.6.55', 'Fo05GNVA', 'Fibre', '', '103', '10.73.196.131', 52, '104', 'Fo05', ''),
(125, 1, '10.75.6.56', 'Fo06GNVA', 'Fibre', '', '105', '10.73.196.131', 53, '106', 'Fo06', ''),
(126, 3, '10.73.238.22', 'ird26(duplicate)', 'satellite', '', '3', '10.73.196.127', 3, '4', 'L (H1) B2 W3', 'W3A'),
(127, 1, '10.73.238.26', 'ird26(duplicate)', 'satellite', '', '1', '10.73.196.127', 3, '2', 'B (J2) B3 W3', 'W3A');

-- --------------------------------------------------------

--
-- Table structure for table `model`
--

CREATE TABLE IF NOT EXISTS `model` (
  `model_id` int(11) NOT NULL default '1',
  `model_name` varchar(32) NOT NULL default '',
  UNIQUE KEY `model_id` (`model_id`)
) ENGINE=MyISAM DEFAULT CHARSET=latin1;

--
-- Dumping data for table `model`
--

INSERT INTO `model` (`model_id`, `model_name`) VALUES
(1, 'Tandberg IRD TT1260'),
(2, 'Tandberg Encoder E5710'),
(3, 'Tandberg RX 1290');

-- --------------------------------------------------------

--
-- Table structure for table `model_command`
--

CREATE TABLE IF NOT EXISTS `model_command` (
  `model_id` int(11) NOT NULL default '1',
  `model_param` varchar(255) NOT NULL default '',
  `model_command` varchar(255) NOT NULL default '',
  `Line` int(11) NOT NULL,
  KEY `model_id` (`model_id`)
) ENGINE=MyISAM DEFAULT CHARSET=latin1;

--
-- Dumping data for table `model_command`
--

INSERT INTO `model_command` (`model_id`, `model_param`, `model_command`, `Line`) VALUES
(2, 'encoder temperature centrigrade', '.1.3.6.1.4.1.1855.2.2.1.13.0', 0),
(2, 'mux scrambling', '.1.3.6.1.4.1.1855.2.2.2.3.1.13.1', 0),
(2, 'mux biss session word', '.1.3.6.1.4.1.1855.2.2.2.3.1.16.1', 0),
(2, 'mux biss encrypted session word', '.1.3.6.1.4.1.1855.2.2.2.3.1.18.1', 0),
(2, 'mux bitrate', '.1.3.6.1.4.1.1855.2.2.2.3.1.5.1', 0),
(2, 'video max bitrate', '.1.3.6.1.4.1.1855.2.2.5.12.0', 0),
(2, 'video delay', '.1.3.6.1.4.1.1855.2.2.5.6.0', 0),
(2, 'video aspect ratio', '.1.3.6.1.4.1.1855.2.2.5.8.1.12.1', 0),
(2, 'video GOP length', '.1.3.6.1.4.1.1855.2.2.5.8.1.13.1', 0),
(2, 'video GOP structure', '.1.3.6.1.4.1.1855.2.2.5.8.1.14.1', 0),
(2, 'video profile level', '.1.3.6.1.4.1.1855.2.2.5.8.1.2.1', 0),
(2, 'video bitrate', '.1.3.6.1.4.1.1855.2.2.5.8.1.21.1', 0),
(2, 'video pid', '.1.3.6.1.4.1.1855.2.2.5.8.1.24.1', 0),
(2, 'service name', 'enterprises.1855.2.2.1.11.1.5.1 ', 0),
(2, 'video bandwidth', '.1.3.6.1.4.1.1855.2.2.5.8.1.36.1', 0),
(2, 'mux status', '.1.3.6.1.4.1.1855.2.2.5.8.1.4.1', 0),
(1, 'service name', 'enterprises.1773.1.3.200.2.4.3.0', 0),
(3, 'service name', 'enterprises.1773.1.3.200.2.4.3.0', 0),
(1, 'aspect ratio', 'enterprises.1773.1.3.200.3.1.1.6.0', 1),
(3, 'aspect ratio', 'enterprises.1773.1.3.200.3.1.1.6.0', 1),
(1, 'Eb / No', 'enterprises.1773.1.3.200.4.3.3.1.4.8.0', 2),
(3, 'Eb / No', 'enterprises.1773.1.3.200.4.3.3.1.2.0', 2),
(1, 'polarisation', 'enterprises.1773.1.3.200.4.3.3.2.2.1.8.1', 3),
(3, 'polarisation', 'enterprises.1773.1.3.200.4.3.3.2.2.1.8.1', 3),
(1, 'Biss Status', 'enterprises.1773.1.3.200.3.7.1.7.1.0', 4),
(3, 'Biss Status', 'enterprises.1773.1.3.200.3.7.1.7.1.0', 4),
(1, 'video vertical resolution', '.1.3.6.1.4.1.1773.1.3.200.3.1.1.3.0', 5),
(3, 'video vertical resolution', '.1.3.6.1.4.1.1773.1.3.200.3.1.1.3.0', 5),
(1, 'video frame rate', '.1.3.6.1.4.1.1773.1.3.200.3.1.1.4.0', 6),
(3, 'video frame rate', '.1.3.6.1.4.1.1773.1.3.200.3.1.1.4.0', 6),
(1, 'video state', '.1.3.6.1.4.1.1773.1.3.200.3.1.1.1.0', 7),
(3, 'video state', '.1.3.6.1.4.1.1773.1.3.200.3.1.1.1.0', 7),
(1, 'asi output mode', '.1.3.6.1.4.1.1773.1.3.200.5.2.1.0', 8),
(3, 'asi output mode', '.1.3.6.1.4.1.1773.1.3.200.5.2.1.0', 8),
(1, 'inSatModType1', '.1.3.6.1.4.1.1773.1.3.200.4.3.3.2.2.1.9.1', 9),
(3, 'inSatModType1', '.1.3.6.1.4.1.1773.1.3.200.4.3.3.2.2.1.16.1', 9),
(1, 'inSatSetupSatelliteFreq', '.1.3.6.1.4.1.1773.1.3.200.4.3.3.2.2.1.5.1', 10),
(3, 'inSatSetupSatelliteFreq', '.1.3.6.1.4.1.1773.1.3.200.4.3.3.2.2.1.5.1', 10),
(1, 'inSatSetupSymbolRate', '.1.3.6.1.4.1.1773.1.3.200.4.3.3.2.2.1.2.1', 11),
(3, 'inSatSetupSymbolRate', '.1.3.6.1.4.1.1773.1.3.200.4.3.3.2.2.1.2.1', 11),
(1, 'inSatSetupFecRate', '.1.3.6.1.4.1.1773.1.3.200.4.3.3.2.2.1.3.1', 12),
(3, 'inSatSetupFecRate', '.1.3.6.1.4.1.1773.1.3.200.4.3.3.2.2.1.3.1', 12),
(1, 'inSatSetupInputSelect ', '.1.3.6.1.4.1.1773.1.3.200.4.3.3.2.1.0 ', 13),
(3, 'inSatSetupInputSelect ', '.1.3.6.1.4.1.1773.1.3.200.4.3.3.2.1.0 ', 13),
(1, 'inSatSetupSatelliteFreq2', '.1.3.6.1.4.1.1773.1.3.200.4.3.3.2.2.1.5.2', 14),
(3, 'inSatSetupSatelliteFreq2', '.1.3.6.1.4.1.1773.1.3.200.4.3.3.2.2.1.5.2', 14),
(1, 'inSatSetupSymbolRate2', '.1.3.6.1.4.1.1773.1.3.200.4.3.3.2.2.1.2.2', 15),
(3, 'inSatSetupSymbolRate2', '.1.3.6.1.4.1.1773.1.3.200.4.3.3.2.2.1.2.2', 15),
(1, 'inSatModType1', '.1.3.6.1.4.1.1773.1.3.200.4.3.3.2.2.1.9.2', 16),
(3, 'inSatSetupRollOff ', '.1.3.6.1.4.1.1773.1.3.200.4.3.3.2.2.1.15.1', 16),
(1, 'inputtsbitrate ', '.1.3.6.1.4.1.1773.1.3.200.4.1.3.0', 17),
(3, 'input_selection ', '.1.3.6.1.4.1.1773.1.3.200.4.2.1.0 ', 17),
(3, 'inSatModType1', '.1.3.6.1.4.1.1773.1.3.200.4.3.3.2.2.1.16.2', 18),
(3, 'inputtsbitrate ', '.1.3.6.1.4.1.1773.1.3.200.4.1.3.0', 19);

-- --------------------------------------------------------

--
-- Table structure for table `modulator_status`
--

CREATE TABLE IF NOT EXISTS `modulator_status` (
  `if` varchar(10) NOT NULL,
  `lo` varchar(10) NOT NULL,
  KEY `if` (`if`)
) ENGINE=MyISAM DEFAULT CHARSET=latin1;

--
-- Dumping data for table `modulator_status`
--


-- --------------------------------------------------------

--
-- Table structure for table `status`
--

CREATE TABLE IF NOT EXISTS `status` (
  `id` int(11) NOT NULL auto_increment,
  `status` varchar(128) NOT NULL default '',
  `servicename` varchar(128) NOT NULL default '',
  `aspectratio` varchar(32) NOT NULL default '',
  `ebno` varchar(20) NOT NULL default '',
  `pol` char(1) NOT NULL default '',
  `frequency` varchar(20) NOT NULL,
  `symbolrate` varchar(30) NOT NULL,
  `fec` varchar(10) NOT NULL,
  `rolloff` varchar(16) NOT NULL,
  `modulationtype` varchar(16) NOT NULL,
  `modtype2` varchar(10) NOT NULL,
  `asi` varchar(10) NOT NULL,
  `sd_hd` varchar(16) NOT NULL,
  `channel` varchar(60) NOT NULL,
  `castatus` char(3) NOT NULL default '',
  `videoresolution` varchar(12) NOT NULL,
  `framerate` varchar(12) NOT NULL,
  `videostate` varchar(12) NOT NULL,
  `asioutencrypted` varchar(60) NOT NULL,
  `muxbitrate` varchar(32) NOT NULL,
  `muxscrambling` varchar(12) NOT NULL,
  `muxbissword` varchar(64) NOT NULL,
  `muxencryptedword` varchar(64) NOT NULL,
  `videoprofilelevel` varchar(32) NOT NULL,
  `muxstate` varchar(12) NOT NULL,
  `videobitrate` varchar(64) NOT NULL,
  `videopid` varchar(8) NOT NULL,
  `videoaspectratio` varchar(12) NOT NULL,
  `videogoplen` varchar(8) NOT NULL,
  `videogopstruc` varchar(16) NOT NULL,
  `videobandwidth` varchar(32) NOT NULL,
  `videomaxbitrate` varchar(32) NOT NULL,
  `videodelay` varchar(8) NOT NULL,
  `temperature` varchar(3) NOT NULL,
  KEY `id` (`id`)
) ENGINE=MyISAM  DEFAULT CHARSET=latin1 AUTO_INCREMENT=141 ;

--
-- Dumping data for table `status`
--

INSERT INTO `status` (`id`, `status`, `servicename`, `aspectratio`, `ebno`, `pol`, `frequency`, `symbolrate`, `fec`, `rolloff`, `modulationtype`, `modtype2`, `asi`, `sd_hd`, `channel`, `castatus`, `videoresolution`, `framerate`, `videostate`, `asioutencrypted`, `muxbitrate`, `muxscrambling`, `muxbissword`, `muxencryptedword`, `videoprofilelevel`, `muxstate`, `videobitrate`, `videopid`, `videoaspectratio`, `videogoplen`, `videogopstruc`, `videobandwidth`, `videomaxbitrate`, `videodelay`, `temperature`) VALUES
(1, 'on', 'TRTRT2 W3', '4:3', '5.56dB', 'X', '10958.5', '4937.3', 'Auto', '0.20', '2', 'DVB-S2', 'SAT', '', '1A6 11', 'On', '576', '25 Hz', 'Running', 'Decrypted', '10750274', '', '', '', '', '', '', '', '', '', '', '', '', '', ''),
(2, 'on', 'FRGC2', '16:9', '5.51dB', 'X', '10964.5', '4937.3', '', '', '5', 'DVB-S2', '', '', '1B6 11', 'Off', '576', '25 Hz', 'Running', 'Decrypted', '10750274', '', '', '', '', '', '', '', '', '', '', '', '', '', ''),
(3, 'on', 'BEVRT1', '4:3', '6.64dB', 'X', '10970.5', '4937.3', 'Auto', '0.20', '2', 'DVB-S2', 'SAT', '', '1C6 11', 'Off', '576', '25 Hz', 'Running', 'Patrially Decrypted', '10750274', '', '', '', '', '', '', '', '', '', '', '', '', '', ''),
(4, 'on', '', '', '', 'X', '10976.5', '4937.3', 'Auto', '0.20', '2', 'DVB-S2', 'SAT', '', '1D6 11', '', '', '', '', '', '0', '', '', '', '', '', '', '', '', '', '', '', '', '', ''),
(5, 'on', 'Fi01CHAF', '4:3', '8.83dB', 'X', '10982.5', '4937.3', 'Auto', '0.20', '2', 'DVB-S2', 'SAT', '', '1E6 11', 'Off', '576', '25 Hz', 'Running', 'Patrially Decrypted', '10750274', '', '', '', '', '', '', '', '', '', '', '', '', '', ''),
(6, 'on', 'CHEVC2', '16:9', '4.46dB', 'X', '10988.5', '4937.3', '', '', '5', 'DVB-S2', '', '', '1F6 11', 'Off', '576', '25 Hz', 'Errors', 'Encrypted', '7379608', '', '', '', '', '', '', '', '', '', '', '', '', '', ''),
(7, 'on', '', '', '', 'X', '10996', '6666.5', 'Auto', '0.35', '1', 'DVB-S', 'SAT', '', '1G9  (C1) 11', '', '', '', '', '', '0', '', '', '', '', '', '', '', '', '', '', '', '', '', ''),
(8, 'on', 'Fi06WSHT', '4:3', '4.48dB', 'X', '11000.5', '4937.3', '', '', '5', 'DVB-S2', '', '', '1H6 11', 'Off', '576', '25 Hz', 'Running', 'Encrypted', '10750274', '', '', '', '', '', '', '', '', '', '', '', '', '', ''),
(9, 'on', 'Fi02 WSHT', '4:3', '5.50dB', 'X', '11006.5', '4937.3', 'Auto', '0.20', '2', 'DVB-S2', 'SAT', '', '1K6 11', 'Off', '576', '25 Hz', 'Running', 'Decrypted', '10750274', '', '', '', '', '', '', '', '', '', '', '', '', '', ''),
(10, 'on', '', '', '', 'X', '11014', '6666.5', 'Auto', '0.35', '1', 'DVB-S', 'SAT', '', '1L9  (D1) 11', '', '', '', '', '', '0', '', '', '', '', '', '', '', '', '', '', '', '', '', ''),
(11, 'on', '', '', '', 'X', '11023', '6666.5', 'Auto', '0.35', '1', 'DVB-S', 'SAT', '', '1M9  (D2) 11', '', '', '', '', '', '0', '', '', '', '', '', '', '', '', '', '', '', '', '', ''),
(12, 'on', '', '16:9', '', 'X', '11024.5', '4937.3', '', '', '5', 'DVB-S2', '', '', '1N6 11', 'Off', '576', '25 Hz', '', '', '10750274', '', '', '', '', '', '', '', '', '', '', '', '', '', ''),
(13, 'on', '', '', '', 'Y', '10960', '6666.5', 'Auto', '0.35', '1', 'DVB-S', 'SAT', '', '2A9  (E1) 11', '', '', '', '', '', '0', '', '', '', '', '', '', '', '', '', '', '', '', '', ''),
(14, 'on', '', '4:3', '', 'Y', '10964.5', '4937.3', '', '', '5', 'DVB-S2', '', '', '2B6 11', 'Off', '576', '25 Hz', '', '', '10750274', '', '', '', '', '', '', '', '', '', '', '', '', '', ''),
(15, 'on', '', '', '', 'Y', '10973.5', '9875', 'Auto', '0.20', '2', 'DVB-S2', 'SAT', '', '2C12 22', '', '', '', '', '', '0', '', '', '', '', '', '', '', '', '', '', '', '', '', ''),
(16, 'on', '', '16:9', '', 'Y', '10976.5', '4937.3', '', '', '5', 'DVB-S2', '', '', '2D6 11', 'Off', '576', '25 Hz', '', '', '10750274', '', '', '', '', '', '', '', '', '', '', '', '', '', ''),
(17, 'on', '', '', '', 'Y', '10987', '6666.5', 'Auto', '0.35', '1', 'DVB-S', 'SAT', '', '2E9  (F2) 11', '', '', '', '', '', '0', '', '', '', '', '', '', '', '', '', '', '', '', '', ''),
(18, 'on', '', '4:3', '', 'Y', '10988.5', '4937.3', '', '', '5', 'DVB-S2', '', '', '2F6 11', 'Off', '576', '25 Hz', '', '', '10750274', '', '', '', '', '', '', '', '', '', '', '', '', '', ''),
(19, 'on', '', '', '', 'Y', '10994.5', '4937.3', 'Auto', '0.20', '2', 'DVB-S2', 'SAT', '', '2G6 11', '', '', '', '', '', '0', '', '', '', '', '', '', '', '', '', '', '', '', '', ''),
(20, 'on', '', '16:9', '', 'Y', '11000.5', '4937.3', '', '', '5', 'DVB-S2', '', '', '2H6 11', 'Off', '576', '25 Hz', '', '', '10750274', '', '', '', '', '', '', '', '', '', '', '', '', '', ''),
(21, 'on', '', '', '', 'Y', '11006.5', '4937.3', 'Auto', '0.20', '2', 'DVB-S2', 'SAT', '', '2K6 11', '', '', '', '', '', '0', '', '', '', '', '', '', '', '', '', '', '', '', '', ''),
(22, 'on', '', '', '', 'Y', '11014', '6666.5', 'Auto', '0.35', '1', 'DVB-S', 'SAT', '', '2L9  (H1) 11', '', '', '', '', '', '0', '', '', '', '', '', '', '', '', '', '', '', '', '', ''),
(23, 'on', '', '', '', 'Y', '11023', '6666.5', 'Auto', '0.35', '1', 'DVB-S', 'SAT', '', '2M9 11', '', '', '', '', '', '0', '', '', '', '', '', '', '', '', '', '', '', '', '', ''),
(24, 'on', '', '4:3', '', 'X', '11024.5', '4937.3', '', '', '5', 'DVB-S2', '', '', '1N6 11', 'Off', '576', '25 Hz', '', '', '10750274', '', '', '', '', '', '', '', '', '', '', '', '', '', ''),
(25, 'on', '', '', '', 'X', '11045', '9875', 'Auto', '0.20', '2', 'DVB-S2', 'SAT', '', '3A12 22', '', '', '', '', '', '0', '', '', '', '', '', '', '', '', '', '', '', '', '', ''),
(26, 'on', 'GBBBC Tx1', '4:3', '8.88dB', 'X', '11052.5', '6666.5', '', '', '2', 'DVB-S', '', '', '3B9 (J2) 11', 'On', '576', '25 Hz', 'Running', 'Decrypted', '10750274', '', '', '', '', '', '', '', '', '', '', '', '', '', ''),
(27, 'on', '', '', '', 'X', '11057', '9875', 'Auto', '0.20', '2', 'DVB-S2', 'SAT', '', '3C12 22', '', '', '', '', '', '0', '', '', '', '', '', '', '', '', '', '', '', '', '', ''),
(28, 'on', '', '', '', 'X', '11061.5', '6666.5', 'Auto', '0.35', '1', 'DVB-S', 'SAT', '', '3D9 (K1) 11', '', '', '', '', '', '0', '', '', '', '', '', '', '', '', '', '', '', '', '', ''),
(29, 'on', '', '', '', 'X', '11070.5', '6666.5', 'Auto', '0.35', '1', 'DVB-S', 'SAT', '', '3E9 (K2) 11', '', '', '', '', '', '0', '', '', '', '', '', '', '', '', '', '', '', '', '', ''),
(30, 'on', '', '16:9', '', 'X', '11072', '4937.3', '', '', '5', 'DVB-S2', '', '', '3F6 11', 'Off', '576', '25 Hz', '', '', '10750274', '', '', '', '', '', '', '', '', '', '', '', '', '', ''),
(31, 'on', '', '', '', 'X', '11079.5', '6666.5', 'Auto', '0.35', '1', 'DVB-S', 'SAT', '', '3G9 (L1) 11', '', '', '', '', '', '0', '', '', '', '', '', '', '', '', '', '', '', '', '', ''),
(32, 'on', '', '4:3', '', 'X', '11088.5', '6666.5', '', '', '2', 'DVB-S', '', '', '3H9 (L2) 11', 'Off', '576', '25 Hz', '', '', '10750274', '', '', '', '', '', '', '', '', '', '', '', '', '', ''),
(33, 'on', '', '', '', 'X', '11090', '4937.3', 'Auto', '0.20', '2', 'DVB-S2', 'SAT', '', '3K6 11', '', '', '', '', '', '0', '', '', '', '', '', '', '', '', '', '', '', '', '', ''),
(34, 'on', '', '', '', 'X', '11097.5', '6666.5', 'Auto', '0.35', '1', 'DVB-S', 'SAT', '', '3L9 (M1) 11', '', '', '', '', '', '0', '', '', '', '', '', '', '', '', '', '', '', '', '', ''),
(35, 'on', '', '', '', 'X', '11106.5', '6666.5', 'Auto', '0.35', '1', 'DVB-S', 'SAT', '', '3M9 (M2) 11', '', '', '', '', '', '0', '', '', '', '', '', '', '', '', '', '', '', '', '', ''),
(36, 'on', '', '16:9', '', 'X', '11108', '4937.3', '', '', '5', 'DVB-S2', '', '', '3N6 11', 'Off', '576', '25 Hz', '', '', '10750274', '', '', '', '', '', '', '', '', '', '', '', '', '', ''),
(37, 'on', 'ITINFI CH', '16:9', '6.68dB', 'Y', '11042', '4937.3', 'Auto', '0.20', '2', 'DVB-S2', 'SAT', '', '4A6 11', 'Off', '576', '25 Hz', 'Running', 'Patrially Decrypted', '10750274', '', '', '', '', '', '', '', '', '', '', '', '', '', ''),
(38, 'on', 'ITINFI CH', '16:9', '6.61dB', 'Y', '11048', '4937.3', '', '', '5', 'DVB-S2', '', '', '4B6 11', 'On', '576', '25 Hz', 'Running', 'Encrypted', '10750274', '', '', '', '', '', '', '', '', '', '', '', '', '', ''),
(39, 'on', '', '', '', 'Y', '11054', '4937.3', 'Auto', '0.20', '2', 'DVB-S2', 'SAT', '', '4C6 11', '', '', '', '', '', '0', '', '', '', '', '', '', '', '', '', '', '', '', '', ''),
(40, 'on', '', '', '', 'Y', '11060', '4937.3', 'Auto', '0.20', '2', 'DVB-S2', 'SAT', '', '4D6 11', '', '', '', '', '', '0', '', '', '', '', '', '', '', '', '', '', '', '', '', ''),
(41, 'on', 'D265 Fer', '16:9', '5.53dB', 'Y', '11069', '9875', 'Auto', '0.20', '2', 'DVB-S2', 'SAT', '', '4E12 22', 'On', '576', '25 Hz', 'Running', 'Patrially Decrypted', '21500549', '', '', '', '', '', '', '', '', '', '', '', '', '', ''),
(42, 'on', '', '16:9', '', 'Y', '11072', '4937.3', '', '', '5', 'DVB-S2', '', '', '4F6 11', 'Off', '576', '25 Hz', '', '', '10750274', '', '', '', '', '', '', '', '', '', '', '', '', '', ''),
(43, 'on', 'LNDN 1   ', '16:9', '6.66dB', 'Y', '11078', '4937.3', 'Auto', '0.20', '2', 'DVB-S2', 'SAT', '', '4G6 11', 'Off', '576', '25 Hz', 'Running', 'Patrially Decrypted', '10750274', '', '', '', '', '', '', '', '', '', '', '', '', '', ''),
(44, 'on', '', '4:3', '', 'Y', '11088.5', '6666.5', '', '', '2', 'DVB-S', '', '', '4H9 (Q2) 11', 'Off', '576', '25 Hz', '', '', '10750274', '', '', '', '', '', '', '', '', '', '', '', '', '', ''),
(45, 'on', '', '', '', 'Y', '11090', '4937.3', 'Auto', '0.20', '2', 'DVB-S2', 'SAT', '', '4K6 11', '', '', '', '', '', '0', '', '', '', '', '', '', '', '', '', '', '', '', '', ''),
(46, 'on', '', '', '', 'Y', '11102', '14400', 'Auto', '0.25', '2', 'DVB-S2', 'SAT', '', '4L18 (R0) 32', '', '', '', '', '', '0', '', '', '', '', '', '', '', '', '', '', '', '', '', ''),
(47, 'on', '', '', '', 'Y', '11102', '13333.1', 'Auto', '0.35', '1', 'DVB-S', 'SAT', '', '4L18 (R0) 22', '', '', '', '', '', '0', '', '', '', '', '', '', '', '', '', '', '', '', '', ''),
(48, 'on', '', '4:3', '', 'Y', '11283', '27500', '', '', '5', '', '', '', '', 'Off', '576', '25 Hz', '', '', '38009643', '', '', '', '', '', '', '', '', '', '', '', '', '', ''),
(49, 'on', '', '', '', 'X', '10958.6', '4937.3', 'Auto', '0.20', '2', 'DVB-S2', 'SAT', '', '1A6 11', '', '', '', '', '', '0', '', '', '', '', '', '', '', '', '', '', '', '', '', ''),
(50, 'on', '', '16:9', '', 'X', '10969.1', '6111.3', '', '', '2', 'DVB-S', '', '', '1B9  (A2) 8+', 'Off', '576', '25 Hz', '', '', '8448181', '', '', '', '', '', '', '', '', '', '', '', '', '', ''),
(51, 'on', '', '', '', 'X', '10970.6', '4937.3', 'Auto', '0.20', '2', 'DVB-S2', 'SAT', '', '1C6 11', '', '', '', '', '', '0', '', '', '', '', '', '', '', '', '', '', '', '', '', ''),
(52, 'on', '', '', '', 'X', '10978.1', '6666.5', 'Auto', '0.35', '1', 'DVB-S', 'SAT', '', '1D9  (B1) 11', '', '', '', '', '', '0', '', '', '', '', '', '', '', '', '', '', '', '', '', ''),
(53, 'on', '', '', '', 'X', '10985.6', '9875', 'Auto', '0.35', '2', 'DVB-S2', 'SAT', '', '1E12 22', '', '', '', '', '', '0', '', '', '', '', '', '', '', '', '', '', '', '', '', ''),
(54, 'on', '', '', '', 'X', '10988.6', '4937.3', '', '', '5', 'DVB-S2', '', '', '1F6 11', 'Off', '0', 'Unknown', '', '', '0', '', '', '', '', '', '', '', '', '', '', '', '', '', ''),
(55, 'on', '', '', '', 'X', '10997.6', '9875', 'Auto', '0.35', '2', 'DVB-S2', 'SAT', '', '1G12 22', '', '', '', '', '', '0', '', '', '', '', '', '', '', '', '', '', '', '', '', ''),
(56, 'on', '', '16:9', '', 'X', '11000.6', '4937.3', '', '', '5', 'DVB-S2', '', '', '1H6 11', 'Off', '576', '25 Hz', '', '', '10750274', '', '', '', '', '', '', '', '', '', '', '', '', '', ''),
(57, 'on', '', '', '', 'X', '11015.6', '19200', 'Auto', '0.25', '2', 'DVB-S2', 'SAT', '', '1K24 42', '', '', '', '', '', '0', '', '', '', '', '', '', '', '', '', '', '', '', '', ''),
(58, 'on', '', '', '', 'X', '11014.1', '6666.5', 'Auto', '0.35', '1', 'DVB-S', 'SAT', '', '1L9  (D1) 11', '', '', '', '', '', '0', '', '', '', '', '', '', '', '', '', '', '', '', '', ''),
(59, 'on', '', '', '', 'X', '11023.1', '6666.5', 'Auto', '0.35', '1', 'DVB-S', 'SAT', '', '1M9  (D2) 11', '', '', '', '', '', '0', '', '', '', '', '', '', '', '', '', '', '', '', '', ''),
(60, 'on', '', '16:9', '', 'Y', '11207.3', '6666.5', '', '', '2', '', '', '', '', 'Off', '576', '25 Hz', '', '', '10750274', '', '', '', '', '', '', '', '', '', '', '', '', '', ''),
(61, 'on', '', '', '', 'X', '11043.5', '6111.3', 'Auto', '0.20', '1', 'DVB-S', 'SAT', '', '3A9   8+', '', '', '', '', '', '0', '', '', '', '', '', '', '', '', '', '', '', '', '', ''),
(62, 'on', '', '16:9', '', 'X', '11048', '4937.3', '', '', '5', 'DVB-S2', '', '', '3B6 11', 'Off', '576', '25 Hz', '', '', '10750274', '', '', '', '', '', '', '', '', '', '', '', '', '', ''),
(63, 'on', '', '', '', 'X', '11054', '4937.3', 'Auto', '0.20', '2', 'DVB-S2', 'SAT', '', '3C6 11', '', '', '', '', '', '0', '', '', '', '', '', '', '', '', '', '', '', '', '', ''),
(64, 'on', '', '', '', 'X', '11060', '4937.3', 'Auto', '0.35', '2', 'DVB-S2', 'SAT', '', '3D6 11', '', '', '', '', '', '0', '', '', '', '', '', '', '', '', '', '', '', '', '', ''),
(65, 'on', '', '', '', 'X', '11066', '4937.3', 'Auto', '0.25', '2', 'DVB-S2', 'SAT', '', '3E6 11', '', '', '', '', '', '0', '', '', '', '', '', '', '', '', '', '', '', '', '', ''),
(66, 'on', '', '16:9', '', 'X', '11072', '4937.3', '', '', '5', 'DVB-S2', '', '', '3F6 11', 'Off', '576', '25 Hz', '', '', '10750274', '', '', '', '', '', '', '', '', '', '', '', '', '', ''),
(67, 'on', '', '', '', 'X', '11078', '4937.3', 'Auto', '0.20', '2', 'DVB-S2', 'SAT', '', '3G6 11', '', '', '', '', '', '0', '', '', '', '', '', '', '', '', '', '', '', '', '', ''),
(68, 'on', '', '16:9', '', 'X', '11207.3', '6666.5', '', '', '2', '', '', '', '', 'Off', '576', '25 Hz', '', '', '57182', '', '', '', '', '', '', '', '', '', '', '', '', '', ''),
(69, 'on', '', '', '', 'X', '11099', '19200', 'Auto', '0.25', '2', 'DVB-S2', 'SAT', '', '3K24 42', '', '', '', '', '', '0', '', '', '', '', '', '', '', '', '', '', '', '', '', ''),
(70, 'on', '', '', '', 'X', '11097.5', '6666.5', 'Auto', '0.25', '1', 'DVB-S', 'SAT', '', '3L9  11', '', '', '', '', '', '0', '', '', '', '', '', '', '', '', '', '', '', '', '', ''),
(71, 'on', 'AFRICAN C', '16:9', '.90dB', 'X', '10849', '10250', 'Auto', '0.20', '2', '', 'SAT', '', '', 'On', '1080', '25 Hz', 'Running', 'Patrially Decrypted', '25401916', '', '', '', '', '', '', '', '', '', '', '', '', '', ''),
(72, 'on', '', '16:9', '', 'X', '11108', '4937.3', '', '', '2', 'DVB-S2', '', '', '3N6 11', 'Off', '576', '25 Hz', '', '', '9215545', '', '', '', '', '', '', '', '', '', '', '', '', '', ''),
(73, 'on', '805 Svc1', '16:9', '.-1dB', 'X', '0', '0', 'Auto', '0.25', '1', '', 'ASI', '', '', 'On', '480', '29.97 Hz', 'Running', 'Patrially Decrypted', '65326385', '', '', '', '', '', '', '', '', '', '', '', '', '', ''),
(74, 'on', '805 Svc2', '16:9', '.-1dB', 'X', '0', '0', 'Auto', '0.25', '1', '', 'ASI', '', '', 'On', '576', '25 Hz', 'Running', 'Patrially Decrypted', '65326385', '', '', '', '', '', '', '', '', '', '', '', '', '', ''),
(75, 'on', '805 Svc3', '16:9', '.-1dB', 'X', '0', '0', 'Auto', '0.20', '1', '', 'ASI', '', '', 'On', '480', '29.97 Hz', 'Running', 'Patrially Decrypted', '65326385', '', '', '', '', '', '', '', '', '', '', '', '', '', ''),
(76, 'on', '805 Svc4', '16:9', '.-1dB', 'X', '0', '0', 'Auto', '0.35', '2', '', 'ASI', '', '', 'On', '576', '25 Hz', 'Running', 'Decrypted', '65326385', '', '', '', '', '', '', '', '', '', '', '', '', '', ''),
(77, 'on', '805 Svc5', '4:3', '.-1dB', 'X', '0', '0', 'Auto', '0.25', '1', '', 'ASI', '', '', 'On', '480', '29.97 Hz', 'Running', 'Decrypted', '65319213', '', '', '', '', '', '', '', '', '', '', '', '', '', ''),
(78, 'on', '805 Svc6', '16:9', '.-1dB', 'X', '0', '0', 'Auto', '0.25', '1', '', 'ASI', '', '', 'On', '576', '25 Hz', 'Running', 'Encrypted', '65326385', '', '', '', '', '', '', '', '', '', '', '', '', '', ''),
(79, 'on', '805 Svc7', '4:3', '.-1dB', 'X', '0', '0', 'Auto', '0.25', '1', '', 'ASI', '', '', 'On', '480', '29.97 Hz', 'Running', 'Decrypted', '65319213', '', '', '', '', '', '', '', '', '', '', '', '', '', ''),
(80, 'on', 'Fi01FREUS', '16:9', '.-1dB', 'Y', '0', '0', 'Auto', '0.35', '2', '', 'ASI', '', '', 'Off', '576', '25 Hz', 'Running', 'Encrypted', '10750274', '', '', '', '', '', '', '', '', '', '', '', '', '', ''),
(81, 'on', '', '', '', 'Y', '0', '0', 'Auto', '0.35', '2', '', 'ASI', '', '', '', '', '', '', '', '0', '', '', '', '', '', '', '', '', '', '', '', '', '', ''),
(82, 'on', '', '', '', 'X', '0', '0', 'Auto', '0.35', '1', '', 'ASI', '', '', '', '', '', '', '', '0', '', '', '', '', '', '', '', '', '', '', '', '', '', ''),
(83, 'on', '', '', '', 'X', '0', '0', 'Auto', '0.35', '1', '', 'SAT', '', '', '', '', '', '', '', '0', '', '', '', '', '', '', '', '', '', '', '', '', '', ''),
(84, 'on', 'Africa Cu', '16:9', '4.49dB', 'X', '0', '0', 'Auto', '0.35', '1', '', 'SAT', '', '', 'On', '576', '25 Hz', 'Running', 'Encrypted', '10162200', '', '', '', '', '', '', '', '', '', '', '', '', '', ''),
(85, 'on', 'Fi03FRCPL', '16:9', '.-1dB', 'X', '0', '0', 'Auto', '0.35', '1', '', 'ASI', '', '', 'On', '576', '25 Hz', 'Running', 'Patrially Decrypted', '10750274', '', '', '', '', '', '', '', '', '', '', '', '', '', ''),
(86, 'on', '', '', '', 'X', '0', '0', 'Auto', '0.35', '1', '', 'SAT', '', '', '', '', '', '', '', '0', '', '', '', '', '', '', '', '', '', '', '', '', '', ''),
(87, 'on', '', '', '', 'X', '0', '0', 'Auto', '0.25', '1', '', 'SAT', '', '', '', '', '', '', '', '0', '', '', '', '', '', '', '', '', '', '', '', '', '', ''),
(88, 'on', '', '', '', 'X', '0', '0', 'Auto', '0.35', '1', '', 'SAT', '', '', '', '', '', '', '', '0', '', '', '', '', '', '', '', '', '', '', '', '', '', ''),
(89, 'on', 'AS5 Svc1', '16:9', '.-1dB', 'X', '0', '0', 'Auto', '0.35', '1', '', 'ASI', '', '', 'On', '576', '25 Hz', 'Running', 'Encrypted', '65319213', '', '', '', '', '', '', '', '', '', '', '', '', '', ''),
(90, 'on', 'AS5 Svc2', '16:9', '.-1dB', 'X', '0', '0', 'Auto', '0.25', '1', '', 'ASI', '', '', 'On', '576', '25 Hz', 'Running', 'Encrypted', '65319213', '', '', '', '', '', '', '', '', '', '', '', '', '', ''),
(91, 'on', 'AS5 Svc3', '16:9', '.-1dB', 'X', '0', '0', 'Auto', '0.35', '1', '', 'ASI', '', '', 'On', '576', '25 Hz', 'Running', 'Encrypted', '65326385', '', '', '', '', '', '', '', '', '', '', '', '', '', ''),
(92, 'on', 'AS5 Svc4', '16:9', '.-1dB', 'X', '0', '0', 'Auto', '0.25', '1', '', 'ASI', '', '', 'On', '576', '25 Hz', 'Running', 'Encrypted', '65326385', '', '', '', '', '', '', '', '', '', '', '', '', '', ''),
(93, 'on', 'AS5 Svc5', '16:9', '.-1dB', 'X', '0', '0', 'Auto', '0.25', '1', '', 'ASI', '', '', 'On', '576', '25 Hz', 'Running', 'Encrypted', '65326385', '', '', '', '', '', '', '', '', '', '', '', '', '', ''),
(94, 'on', 'AS5 Svc6', '16:9', '.-1dB', 'X', '0', '0', 'Auto', '0.25', '1', '', 'ASI', '', '', 'On', '576', '25 Hz', 'Running', 'Encrypted', '65319213', '', '', '', '', '', '', '', '', '', '', '', '', '', ''),
(95, 'on', 'AS5 News', '16:9', '.-1dB', 'X', '0', '0', 'Auto', '0.25', '1', '', 'ASI', '', '', 'On', '576', '25 Hz', 'Running', 'Encrypted', '65326385', '', '', '', '', '', '', '', '', '', '', '', '', '', ''),
(96, 'on', '', '', '', 'X', '0', '0', 'Auto', '0.35', '1', '', 'SAT', '', '', '', '', '', '', '', '0', '', '', '', '', '', '', '', '', '', '', '', '', '', ''),
(97, 'on', 'Service1', '4:3', '2.22dB', 'Y', '11304.1', '30000', 'Auto', '0.20', '2', 'DVB-S2', 'SAT', '', '5A36 65', 'On', '480', '29.97 Hz', 'Running', 'Encrypted', '72670135', '', '', '', '', '', '', '', '', '', '', '', '', '', ''),
(98, 'on', 'Service2', '16:9', '.-1dB', 'Y', '0', '0', '', '', '2', '', '', '', '', 'On', '480', '29.97 Hz', 'Running', 'Encrypted', '72662963', '', '', '', '', '', '', '', '', '', '', '', '', '', ''),
(99, 'on', 'Service3', '4:3', '.-1dB', 'Y', '0', '0', '', '', '2', '', '', '', '', 'On', '480', '29.97 Hz', 'Running', 'Encrypted', '72670135', '', '', '', '', '', '', '', '', '', '', '', '', '', ''),
(100, 'on', 'rror in p', '', 'ailed object.aidB', '', '0', '0', '1/2', '', '3', '', '', '', '', '', '2', 'Unknown', 'Stopped', '', '11304100', '', '', '', '', '', '', '', '', '', '', '', '', '', ''),
(101, 'on', 'Service5', '4:3', '.-1dB', 'X', '0', '0', '', '', '2', '', '', '', '', 'On', '480', '29.97 Hz', 'Running', 'Encrypted', '72662963', '', '', '', '', '', '', '', '', '', '', '', '', '', ''),
(102, 'on', 'Service6', '4:3', '.-1dB', 'Y', '0', '0', '', '', '2', '', '', '', '', 'On', '480', '29.97 Hz', 'Running', 'Decrypted', '72662963', '', '', '', '', '', '', '', '', '', '', '', '', '', ''),
(103, 'on', 'Service7', '4:3', '2.23dB', 'Y', '11304.1', '30000', 'Auto', '0.25', '2', 'DVB-S2', 'SAT', '', '5A36 65', 'On', '576', '25 Hz', 'Running', 'Encrypted', '72662963', '', '', '', '', '', '', '', '', '', '', '', '', '', ''),
(104, 'on', 'Service8', '4:3', '.-1dB', 'X', '0', '0', '', '', '2', '', '', '', '', 'On', '576', '25 Hz', 'Running', 'Decrypted', '72662963', '', '', '', '', '', '', '', '', '', '', '', '', '', ''),
(105, 'on', '', '', '', 'X', '4081.5', '6666.5', 'Auto', '0.25', '1', '', 'SAT', '', '', '', '', '', '', '', '0', '', '', '', '', '', '', '', '', '', '', '', '', '', ''),
(106, 'on', '', '4:3', '', 'X', '4090.5', '6666.5', '', '', '2', '', '', '', '', 'Off', '576', '25 Hz', '', '', '10750274', '', '', '', '', '', '', '', '', '', '', '', '', '', ''),
(107, 'on', '', '', '', 'X', '4095', '9875', '', '', '5', '', '', '', '', 'Off', '0', 'Unknown', '', '', '0', '', '', '', '', '', '', '', '', '', '', '', '', '', ''),
(108, 'on', '', '', '', 'X', '4099.5', '6666.5', 'Auto', '0.35', '1', '', 'SAT', '', '', '', '', '', '', '', '0', '', '', '', '', '', '', '', '', '', '', '', '', '', ''),
(109, 'on', 'rror in p', '', 'ailed object.aidB', '', '0', '0', '3/4', '', '3', '', '', '', '', '', '3', '25 Hz', 'Running', '', '4108500', '', '', '', '', '', '', '', '', '', '', '', '', '', ''),
(110, 'on', '', '', '', 'X', '4108.5', '6666.5', '', '', '2', '', '', '', '', 'Off', '0', 'Unknown', '', '', '0', '', '', '', '', '', '', '', '', '', '', '', '', '', ''),
(111, 'on', 'Fi08GNVA', '16:9', '5.54dB', 'X', '4161.5', '6666.5', 'Auto', '0.35', '1', '', 'SAT', '', '', 'On', '480', '29.97 Hz', 'Running', 'Encrypted', '10750274', '', '', '', '', '', '', '', '', '', '', '', '', '', ''),
(112, 'on', '', '', '', 'Y', '11395.5', '9875', 'Auto', '0.20', '2', 'DVB-S2', 'SAT', '', '10A12 22', '', '', '', '', '', '0', '', '', '', '', '', '', '', '', '', '', '', '', '', ''),
(113, 'on', '', '16:9', '', 'Y', '0', '0', '', '', '2', '', '', '', '', 'Off', '576', '25 Hz', '', '', '13748016', '', '', '', '', '', '', '', '', '', '', '', '', '', ''),
(114, 'on', '', '4:3', '', 'Y', '11413.5', '19200', '', '', '2', 'DVB-S2', '', '', '10C24 42', 'Off', '576', '25 Hz', '', '', '13862762', '', '', '', '', '', '', '', '', '', '', '', '', '', ''),
(115, 'on', '', '', '', 'Y', '11413.5', '19200', 'Auto', '0.25', '2', 'DVB-S2', 'SAT', '', '10C24 42', '', '', '', '', '', '0', '', '', '', '', '', '', '', '', '', '', '', '', '', ''),
(116, 'on', '', '', '', 'Y', '0', '0', '', '', '2', '', '', '', '', 'Off', '752', 'Unknown', '', '', '41803436', '', '', '', '', '', '', '', '', '', '', '', '', '', ''),
(117, 'on', '', '', '', 'Y', '0', '0', '', '', '2', '', '', '', '', 'Off', '752', 'Unknown', '', '', '41803436', '', '', '', '', '', '', '', '', '', '', '', '', '', ''),
(118, 'on', '', '', '', 'Y', '11413.5', '19200', 'Auto', '0.25', '2', 'DVB-S2', 'SAT', '', '10C24 42', '', '', '', '', '', '0', '', '', '', '', '', '', '', '', '', '', '', '', '', ''),
(119, 'on', '', '4:3', '', 'Y', '0', '0', '', '', '2', '', '', '', '', 'Off', '528', '50 Hz', '', '', '41803436', '', '', '', '', '', '', '', '', '', '', '', '', '', ''),
(120, 'on', 'Fi01WSHT', '16:9', '.-1dB', 'X', '0', '0', '', '', '2', '', '', '', '', 'Off', '576', '25 Hz', 'Running', 'Encrypted', '10750274', '', '', '', '', '', '', '', '', '', '', '', '', '', ''),
(121, 'on', 'Fi02 WSHT', '4:3', '.-1dB', 'X', '0', '0', '', '', '2', '', '', '', '', 'Off', '576', '25 Hz', 'Running', 'Decrypted', '10750274', '', '', '', '', '', '', '', '', '', '', '', '', '', ''),
(122, 'on', 'Fi01CHAF', '4:3', '.-1dB', 'X', '0', '0', '', '', '2', '', '', '', '', 'Off', '576', '25 Hz', 'Running', 'Decrypted', '10750274', '', '', '', '', '', '', '', '', '', '', '', '', '', ''),
(123, 'on', '', '4:3', '', 'X', '0', '0', '', '', '2', '', '', '', '', 'Off', '576', '25 Hz', '', '', '10750274', '', '', '', '', '', '', '', '', '', '', '', '', '', ''),
(124, 'on', 'Fi03LNDNI', '4:3', '.-1dB', 'X', '0', '0', '', '', '2', '', '', '', '', 'Off', '576', '25 Hz', 'Running', 'Encrypted', '10750274', '', '', '', '', '', '', '', '', '', '', '', '', '', ''),
(125, 'on', 'Fi06WSHT', '4:3', '.-1dB', 'X', '0', '0', '', '', '2', '', '', '', '', 'Off', '576', '25 Hz', 'Running', 'Encrypted', '10750274', '', '', '', '', '', '', '', '', '', '', '', '', '', ''),
(126, 'on', '', '', '', 'Y', '11014', '6666.5', 'Auto', '0.35', '1', 'DVB-S', 'SAT', '', '2L9  (H1) 11', '', '', '', '', '', '0', '', '', '', '', '', '', '', '', '', '', '', '', '', ''),
(127, 'on', 'GBBBC Tx1', '4:3', '8.87dB', 'X', '11052.5', '6666.5', '', '', '2', 'DVB-S', '', '', '3B9 (J2) 11', 'On', '576', '25 Hz', 'Running', 'Decrypted', '10750274', '', '', '', '', '', '', '', '', '', '', '', '', '', ''),
(128, '', '', '', '', '', '', '', '', '', '', '', '', '', 'W3A 3B9 (J2) 11_SD/', '', '', '', '', '', '', '', '', '', '', '', '', '', '', '', '', '', '', '', '');
